algorithm,attempts,avg_cpu_percent,avg_memory_mb,ciphertext_bytes,cpu_system_micros,cpu_user_micros,decapsulate_time_ms,decrypt_time_ms,disk_io_bytes,encapsulate_time_ms,encrypt_time_ms,error,keygen_time_ms,latency_micros,max_rss_bytes,net_rx_bytes,net_tx_bytes,operation,parameter_set,public_key_bytes,secret_key_bytes,sign_time_ms,signature_bytes,storage_overhead_pct,throughput_ops_per_sec,timestamp_seconds_utc,verify_time_ms
Kyber512,1,,2.14453125,,0,787,,,0,,,,0.007,7,2248704,38878234753,24741128822,Keygen,,800,1632,,0,,142857.14285714287,1762751331,
Kyber512,1,,2.14453125,,0,888,,,0,,,,0.0,0,2248704,38878234753,24741128822,Keygen,,800,1632,,0,,0.0,1762751331,
Kyber512,1,,2.14453125,,0,901,,,0,0.0,,,,0,2248704,38878234753,24741128822,Encapsulate,,800,1632,,0,,0.0,1762751331,
Kyber512,1,,2.14453125,,0,912,,,0,0.0,,,,0,2248704,38878234753,24741128822,Encapsulate,,800,1632,,0,,0.0,1762751331,
Kyber512,1,,2.14453125,,0,921,0.0,,0,,,,,0,2248704,38878234753,24741128822,Decapsulate,,800,1632,,0,,0.0,1762751331,
Kyber768,1,,2.14453125,,0,932,,,0,,,,0.001,1,2248704,38878234753,24741128822,Keygen,,1184,2400,,0,,1000000.0,1762751331,
Kyber768,1,,2.14453125,,0,943,,,0,,,,0.001,1,2248704,38878234753,24741128822,Keygen,,1184,2400,,0,,1000000.0,1762751331,
Kyber768,1,,2.14453125,,0,954,,,0,0.0,,,,0,2248704,38878234753,24741128822,Encapsulate,,1184,2400,,0,,0.0,1762751331,
Kyber768,1,,2.14453125,,0,963,,,0,0.0,,,,0,2248704,38878234753,24741128822,Encapsulate,,1184,2400,,0,,0.0,1762751331,
Kyber768,1,,2.14453125,,0,972,0.0,,0,,,,,0,2248704,38878234753,24741128822,Decapsulate,,1184,2400,,0,,0.0,1762751331,
RSA-2048,1,,2.14453125,,0,982,,,0,,,,0.0,0,2248704,38878234753,24741128822,Keygen,,294,1192,,256,,0.0,1762751331,
RSA-2048,1,,2.14453125,,0,992,,,0,,,,0.0,0,2248704,38878234753,24741128822,Keygen,,294,1192,,256,,0.0,1762751331,
RSA-2048,1,,2.14453125,,0,1001,,,0,0.0,,,,0,2248704,38878234753,24741128822,Encapsulate,,294,1192,,256,,0.0,1762751331,
ECDHE-P256,1,,2.14453125,,0,1013,,,0,,,,0.0,0,2248704,38878234753,24741128822,Keygen,,65,32,,0,,0.0,1762751331,
ECDHE-P256,1,,2.14453125,,0,1023,,,0,,,,0.0,0,2248704,38878234753,24741128822,Keygen,,65,32,,0,,0.0,1762751331,
ECDHE-P256,1,,2.14453125,,0,1032,,,0,0.0,,,,0,2248704,38878234753,24741128822,Encapsulate,,65,32,,0,,0.0,1762751331,
Dilithium2,1,,2.14453125,,0,1043,,,0,,,,0.002,2,2248704,38878234753,24741128822,Keygen,,1312,2528,,2420,,500000.0,1762751331,
Dilithium2,1,,2.14453125,,0,1053,,,0,,,,,0,2248704,38878234753,24741128822,Sign,,1312,2528,0.0,2420,,0.0,1762751331,
Dilithium2,1,,2.14453125,,0,1062,,,0,,,,,0,2248704,38878234753,24741128822,Verify,,1312,2528,,2420,,0.0,1762751331,0.0
Dilithium3,1,,2.14453125,,0,1074,,,0,,,,0.002,2,2248704,38878234753,24741128822,Keygen,,1952,4000,,3293,,500000.0,1762751331,
Dilithium3,1,,2.14453125,,0,1083,,,0,,,,,0,2248704,38878234753,24741128822,Sign,,1952,4000,0.0,3293,,0.0,1762751331,
Dilithium3,1,,2.14453125,,0,1092,,,0,,,,,0,2248704,38878234753,24741128822,Verify,,1952,4000,,3293,,0.0,1762751331,0.0
ECDSA-P256,1,,2.14453125,,0,1101,,,0,,,,0.0,0,2248704,38878234753,24741128822,Keygen,,65,32,,72,,0.0,1762751331,
ECDSA-P256,1,,2.14453125,,0,1110,,,0,,,,,0,2248704,38878234753,24741128822,Sign,,65,32,0.0,72,,0.0,1762751331,
ECDSA-P256,1,,2.14453125,,0,1119,,,0,,,,,0,2248704,38878234753,24741128822,Verify,,65,32,,72,,0.0,1762751331,0.0
AES-GCM-256,1,,2.14453125,1040,0,1133,,,0,,0.004749,,,4,2248704,38878234753,24741128822,BulkEncrypt,,,,,,101.5625,250000.0,1762751331,
AES-GCM-256,1,,2.14453125,1040,0,1144,,0.0020940000000000004,0,,,,,2,2248704,38878234753,24741128822,BulkDecrypt,,,,,,101.5625,500000.0,1762751331,
Kyber512,1,,2.15234375,,0,685,,,0,,,,0.005,5,2256896,38878234753,24741128822,Keygen,,800,1632,,0,,200000.0,1762751331,
Kyber512,1,,2.15234375,,0,716,,,0,,,,0.0,0,2256896,38878234753,24741128822,Keygen,,800,1632,,0,,0.0,1762751331,
Kyber512,1,,2.15234375,,0,728,,,0,0.0,,,,0,2256896,38878234753,24741128822,Encapsulate,,800,1632,,0,,0.0,1762751331,
Kyber512,1,,2.15234375,,0,738,,,0,0.0,,,,0,2256896,38878234753,24741128822,Encapsulate,,800,1632,,0,,0.0,1762751331,
Kyber512,1,,2.15234375,,0,747,0.0,,0,,,,,0,2256896,38878234753,24741128822,Decapsulate,,800,1632,,0,,0.0,1762751331,
Kyber768,1,,2.15234375,,0,758,,,0,,,,0.001,1,2256896,38878234753,24741128822,Keygen,,1184,2400,,0,,1000000.0,1762751331,
Kyber768,1,,2.15234375,,0,769,,,0,,,,0.001,1,2256896,38878234753,24741128822,Keygen,,1184,2400,,0,,1000000.0,1762751331,
Kyber768,1,,2.15234375,,0,779,,,0,0.0,,,,0,2256896,38878234753,24741128822,Encapsulate,,1184,2400,,0,,0.0,1762751331,
Kyber768,1,,2.15234375,,0,788,,,0,0.0,,,,0,2256896,38878234753,24741128822,Encapsulate,,1184,2400,,0,,0.0,1762751331,
Kyber768,1,,2.15234375,,0,796,0.0,,0,,,,,0,2256896,38878234753,24741128822,Decapsulate,,1184,2400,,0,,0.0,1762751331,
RSA-2048,1,,2.15234375,,0,807,,,0,,,,0.0,0,2256896,38878234753,24741128822,Keygen,,294,1192,,256,,0.0,1762751331,
RSA-2048,1,,2.15234375,,0,818,,,0,,,,0.0,0,2256896,38878234753,24741128822,Keygen,,294,1192,,256,,0.0,1762751331,
RSA-2048,1,,2.15234375,,0,827,,,0,0.0,,,,0,2256896,38878234753,24741128822,Encapsulate,,294,1192,,256,,0.0,1762751331,
ECDHE-P256,1,,2.15234375,,0,837,,,0,,,,0.0,0,2256896,38878234753,24741128822,Keygen,,65,32,,0,,0.0,1762751331,
ECDHE-P256,1,,2.15234375,,0,847,,,0,,,,0.0,0,2256896,38878234753,24741128822,Keygen,,65,32,,0,,0.0,1762751331,
ECDHE-P256,1,,2.15234375,,0,856,,,0,0.0,,,,0,2256896,38878234753,24741128822,Encapsulate,,65,32,,0,,0.0,1762751331,
Dilithium2,1,,2.15234375,,0,867,,,0,,,,0.002,2,2256896,38878234753,24741128822,Keygen,,1312,2528,,2420,,500000.0,1762751331,
Dilithium2,1,,2.15234375,,0,876,,,0,,,,,0,2256896,38878234753,24741128822,Sign,,1312,2528,0.0,2420,,0.0,1762751331,
Dilithium2,1,,2.15234375,,0,886,,,0,,,,,0,2256896,38878234753,24741128822,Verify,,1312,2528,,2420,,0.0,1762751331,0.0
Dilithium3,1,,2.15234375,,0,897,,,0,,,,0.002,2,2256896,38878234753,24741128822,Keygen,,1952,4000,,3293,,500000.0,1762751331,
Dilithium3,1,,2.15234375,,0,907,,,0,,,,,0,2256896,38878234753,24741128822,Sign,,1952,4000,0.0,3293,,0.0,1762751331,
Dilithium3,1,,2.15234375,,0,915,,,0,,,,,0,2256896,38878234753,24741128822,Verify,,1952,4000,,3293,,0.0,1762751331,0.0
ECDSA-P256,1,,2.15234375,,0,924,,,0,,,,0.0,0,2256896,38878234753,24741128822,Keygen,,65,32,,72,,0.0,1762751331,
ECDSA-P256,1,,2.15234375,,0,933,,,0,,,,,0,2256896,38878234753,24741128822,Sign,,65,32,0.0,72,,0.0,1762751331,
ECDSA-P256,1,,2.15234375,,0,942,,,0,,,,,0,2256896,38878234753,24741128822,Verify,,65,32,,72,,0.0,1762751331,0.0
AES-GCM-256,1,,2.15234375,1040,0,954,,,0,,0.002615,,,2,2256896,38878234753,24741128822,BulkEncrypt,,,,,,101.5625,500000.0,1762751331,
AES-GCM-256,1,,2.15234375,1040,0,965,,0.0020940000000000004,0,,,,,2,2256896,38878234753,24741128822,BulkDecrypt,,,,,,101.5625,500000.0,1762751331,
Kyber512,1,,2.13671875,,716,0,,,0,,,,0.004,4,2240512,38878234753,24741128822,Keygen,,800,1632,,0,,250000.0,1762751331,
Kyber512,1,,2.13671875,,745,0,,,0,,,,0.0,0,2240512,38878234753,24741128822,Keygen,,800,1632,,0,,0.0,1762751331,
Kyber512,1,,2.13671875,,757,0,,,0,0.0,,,,0,2240512,38878234753,24741128822,Encapsulate,,800,1632,,0,,0.0,1762751331,
Kyber512,1,,2.13671875,,767,0,,,0,0.0,,,,0,2240512,38878234753,24741128822,Encapsulate,,800,1632,,0,,0.0,1762751331,
Kyber512,1,,2.13671875,,776,0,0.0,,0,,,,,0,2240512,38878234753,24741128822,Decapsulate,,800,1632,,0,,0.0,1762751331,
Kyber768,1,,2.13671875,,787,0,,,0,,,,0.001,1,2240512,38878234753,24741128822,Keygen,,1184,2400,,0,,1000000.0,1762751331,
Kyber768,1,,2.13671875,,798,0,,,0,,,,0.001,1,2240512,38878234753,24741128822,Keygen,,1184,2400,,0,,1000000.0,1762751331,
Kyber768,1,,2.13671875,,808,0,,,0,0.0,,,,0,2240512,38878234753,24741128822,Encapsulate,,1184,2400,,0,,0.0,1762751331,
Kyber768,1,,2.13671875,,817,0,,,0,0.0,,,,0,2240512,38878234753,24741128822,Encapsulate,,1184,2400,,0,,0.0,1762751331,
Kyber768,1,,2.13671875,,825,0,0.0,,0,,,,,0,2240512,38878234753,24741128822,Decapsulate,,1184,2400,,0,,0.0,1762751331,
RSA-2048,1,,2.13671875,,836,0,,,0,,,,0.0,0,2240512,38878234753,24741128822,Keygen,,294,1192,,256,,0.0,1762751331,
RSA-2048,1,,2.13671875,,846,0,,,0,,,,0.0,0,2240512,38878234753,24741128822,Keygen,,294,1192,,256,,0.0,1762751331,
RSA-2048,1,,2.13671875,,855,0,,,0,0.0,,,,0,2240512,38878234753,24741128822,Encapsulate,,294,1192,,256,,0.0,1762751331,
ECDHE-P256,1,,2.13671875,,865,0,,,0,,,,0.0,0,2240512,38878234753,24741128822,Keygen,,65,32,,0,,0.0,1762751331,
ECDHE-P256,1,,2.13671875,,874,0,,,0,,,,0.0,0,2240512,38878234753,24741128822,Keygen,,65,32,,0,,0.0,1762751331,
ECDHE-P256,1,,2.13671875,,883,0,,,0,0.0,,,,0,2240512,38878234753,24741128822,Encapsulate,,65,32,,0,,0.0,1762751331,
Dilithium2,1,,2.13671875,,894,0,,,0,,,,0.002,2,2240512,38878234753,24741128822,Keygen,,1312,2528,,2420,,500000.0,1762751331,
Dilithium2,1,,2.13671875,,904,0,,,0,,,,,0,2240512,38878234753,24741128822,Sign,,1312,2528,0.0,2420,,0.0,1762751331,
Dilithium2,1,,2.13671875,,913,0,,,0,,,,,0,2240512,38878234753,24741128822,Verify,,1312,2528,,2420,,0.0,1762751331,0.0
Dilithium3,1,,2.13671875,,924,0,,,0,,,,0.002,2,2240512,38878234753,24741128822,Keygen,,1952,4000,,3293,,500000.0,1762751331,
Dilithium3,1,,2.13671875,,934,0,,,0,,,,,0,2240512,38878234753,24741128822,Sign,,1952,4000,0.0,3293,,0.0,1762751331,
Dilithium3,1,,2.13671875,,942,0,,,0,,,,,0,2240512,38878234753,24741128822,Verify,,1952,4000,,3293,,0.0,1762751331,0.0
ECDSA-P256,1,,2.13671875,,951,0,,,0,,,,0.0,0,2240512,38878234753,24741128822,Keygen,,65,32,,72,,0.0,1762751331,
ECDSA-P256,1,,2.13671875,,960,0,,,0,,,,,0,2240512,38878234753,24741128822,Sign,,65,32,0.0,72,,0.0,1762751331,
ECDSA-P256,1,,2.13671875,,969,0,,,0,,,,,0,2240512,38878234753,24741128822,Verify,,65,32,,72,,0.0,1762751331,0.0
AES-GCM-256,1,,2.13671875,1040,980,0,,,0,,0.0025450000000000004,,,2,2240512,38878234753,24741128822,BulkEncrypt,,,,,,101.5625,500000.0,1762751331,
AES-GCM-256,1,,2.13671875,1040,992,0,,0.002063,0,,,,,2,2240512,38878234753,24741128822,BulkDecrypt,,,,,,101.5625,500000.0,1762751331,
Kyber512,1,,1.96484375,,1199,0,,,0,,,,0.01,10,2060288,38878234753,24741128822,Keygen,,800,1632,,0,,100000.0,1762751331,
Kyber512,1,,1.96484375,,1262,0,,,0,,,,0.001,1,2060288,38878234753,24741128822,Keygen,,800,1632,,0,,1000000.0,1762751331,
Kyber512,1,,1.96484375,,1289,0,,,0,0.001,,,,1,2060288,38878234753,24741128822,Encapsulate,,800,1632,,0,,1000000.0,1762751331,
Kyber512,1,,1.96484375,,1329,0,,,0,0.0,,,,0,2060288,38878234753,24741128822,Encapsulate,,800,1632,,0,,0.0,1762751331,
Kyber512,1,,1.96484375,,1345,0,0.0,,0,,,,,0,2060288,38878234753,24741128822,Decapsulate,,800,1632,,0,,0.0,1762751331,
Kyber768,1,,1.96484375,,1361,0,,,0,,,,0.002,2,2060288,38878234753,24741128822,Keygen,,1184,2400,,0,,500000.0,1762751331,
Kyber768,1,,1.96484375,,1376,0,,,0,,,,0.001,1,2060288,38878234753,24741128822,Keygen,,1184,2400,,0,,1000000.0,1762751331,
Kyber768,1,,1.96484375,,1391,0,,,0,0.0,,,,0,2060288,38878234753,24741128822,Encapsulate,,1184,2400,,0,,0.0,1762751331,
Kyber768,1,,1.96484375,,1403,0,,,0,0.0,,,,0,2060288,38878234753,24741128822,Encapsulate,,1184,2400,,0,,0.0,1762751331,
Kyber768,1,,1.96484375,,1414,0,0.0,,0,,,,,0,2060288,38878234753,24741128822,Decapsulate,,1184,2400,,0,,0.0,1762751331,
RSA-2048,1,,1.96484375,,1427,0,,,0,,,,0.001,1,2060288,38878234753,24741128822,Keygen,,294,1192,,256,,1000000.0,1762751331,
RSA-2048,1,,1.96484375,,1440,0,,,0,,,,0.0,0,2060288,38878234753,24741128822,Keygen,,294,1192,,256,,0.0,1762751331,
RSA-2048,1,,1.96484375,,1451,0,,,0,0.0,,,,0,2060288,38878234753,24741128822,Encapsulate,,294,1192,,256,,0.0,1762751331,
ECDHE-P256,1,,1.96484375,,1465,0,,,0,,,,0.0,0,2060288,38878234753,24741128822,Keygen,,65,32,,0,,0.0,1762751331,
ECDHE-P256,1,,1.96484375,,1479,0,,,0,,,,0.0,0,2060288,38878234753,24741128822,Keygen,,65,32,,0,,0.0,1762751331,
ECDHE-P256,1,,1.96484375,,1490,0,,,0,0.0,,,,0,2060288,38878234753,24741128822,Encapsulate,,65,32,,0,,0.0,1762751331,
Dilithium2,1,,1.96484375,,1504,0,,,0,,,,0.002,2,2060288,38878234753,24741128822,Keygen,,1312,2528,,2420,,500000.0,1762751331,
Dilithium2,1,,1.96484375,,1516,0,,,0,,,,,0,2060288,38878234753,24741128822,Sign,,1312,2528,0.0,2420,,0.0,1762751331,
Dilithium2,1,,1.96484375,,1528,0,,,0,,,,,0,2060288,38878234753,24741128822,Verify,,1312,2528,,2420,,0.0,1762751331,0.0
Dilithium3,1,,1.96484375,,1543,0,,,0,,,,0.002,2,2060288,38878234753,24741128822,Keygen,,1952,4000,,3293,,500000.0,1762751331,
Dilithium3,1,,1.96484375,,1556,0,,,0,,,,,0,2060288,38878234753,24741128822,Sign,,1952,4000,0.0,3293,,0.0,1762751331,
Dilithium3,1,,1.96484375,,1567,0,,,0,,,,,0,2060288,38878234753,24741128822,Verify,,1952,4000,,3293,,0.0,1762751331,0.0
ECDSA-P256,1,,1.96484375,,1579,0,,,0,,,,0.0,0,2060288,38878234753,24741128822,Keygen,,65,32,,72,,0.0,1762751331,
ECDSA-P256,1,,1.96484375,,1591,0,,,0,,,,,0,2060288,38878234753,24741128822,Sign,,65,32,0.0,72,,0.0,1762751331,
ECDSA-P256,1,,1.96484375,,1602,0,,,0,,,,,0,2060288,38878234753,24741128822,Verify,,65,32,,72,,0.0,1762751331,0.0
AES-GCM-256,1,,1.96484375,1040,1618,0,,,0,,0.00547,,,5,2060288,38878234753,24741128822,BulkEncrypt,,,,,,101.5625,200000.0,1762751331,
AES-GCM-256,1,,1.96484375,1040,1637,0,,0.002715,0,,,,,2,2060288,38878234753,24741128822,BulkDecrypt,,,,,,101.5625,500000.0,1762751331,
Kyber512,1,,1.8359375,,676,0,,,0,,,,0.005,5,1925120,38878234753,24741128822,Keygen,,800,1632,,0,,200000.0,1762751331,
Kyber512,1,,1.8359375,,705,0,,,0,,,,0.0,0,1925120,38878234753,24741128822,Keygen,,800,1632,,0,,0.0,1762751331,
Kyber512,1,,1.8359375,,717,0,,,0,0.0,,,,0,1925120,38878234753,24741128822,Encapsulate,,800,1632,,0,,0.0,1762751331,
Kyber512,1,,1.8359375,,727,0,,,0,0.0,,,,0,1925120,38878234753,24741128822,Encapsulate,,800,1632,,0,,0.0,1762751331,
Kyber512,1,,1.8359375,,736,0,0.0,,0,,,,,0,1925120,38878234753,24741128822,Decapsulate,,800,1632,,0,,0.0,1762751331,
Kyber768,1,,1.8359375,,747,0,,,0,,,,0.001,1,1925120,38878234753,24741128822,Keygen,,1184,2400,,0,,1000000.0,1762751331,
Kyber768,1,,1.8359375,,758,0,,,0,,,,0.001,1,1925120,38878234753,24741128822,Keygen,,1184,2400,,0,,1000000.0,1762751331,
Kyber768,1,,1.8359375,,758,11,,,0,0.0,,,,0,1925120,38878234753,24741128822,Encapsulate,,1184,2400,,0,,0.0,1762751331,
Kyber768,1,,1.8359375,,758,20,,,0,0.0,,,,0,1925120,38878234753,24741128822,Encapsulate,,1184,2400,,0,,0.0,1762751331,
Kyber768,1,,1.8359375,,758,28,0.0,,0,,,,,0,1925120,38878234753,24741128822,Decapsulate,,1184,2400,,0,,0.0,1762751331,
RSA-2048,1,,1.8359375,,758,38,,,0,,,,0.0,0,1925120,38878234753,24741128822,Keygen,,294,1192,,256,,0.0,1762751331,
RSA-2048,1,,1.8359375,,758,48,,,0,,,,0.0,0,1925120,38878234753,24741128822,Keygen,,294,1192,,256,,0.0,1762751331,
RSA-2048,1,,1.8359375,,758,57,,,0,0.0,,,,0,1925120,38878234753,24741128822,Encapsulate,,294,1192,,256,,0.0,1762751331,
ECDHE-P256,1,,1.8359375,,758,66,,,0,,,,0.0,0,1925120,38878234753,24741128822,Keygen,,65,32,,0,,0.0,1762751331,
ECDHE-P256,1,,1.8359375,,758,76,,,0,,,,0.0,0,1925120,38878234753,24741128822,Keygen,,65,32,,0,,0.0,1762751331,
ECDHE-P256,1,,1.8359375,,758,85,,,0,0.0,,,,0,1925120,38878234753,24741128822,Encapsulate,,65,32,,0,,0.0,1762751331,
Dilithium2,1,,1.8359375,,758,96,,,0,,,,0.002,2,1925120,38878234753,24741128822,Keygen,,1312,2528,,2420,,500000.0,1762751331,
Dilithium2,1,,1.8359375,,758,106,,,0,,,,,0,1925120,38878234753,24741128822,Sign,,1312,2528,0.0,2420,,0.0,1762751331,
Dilithium2,1,,1.8359375,,758,116,,,0,,,,,0,1925120,38878234753,24741128822,Verify,,1312,2528,,2420,,0.0,1762751331,0.0
Dilithium3,1,,1.8359375,,758,127,,,0,,,,0.002,2,1925120,38878234753,24741128822,Keygen,,1952,4000,,3293,,500000.0,1762751331,
Dilithium3,1,,1.8359375,,758,138,,,0,,,,,2,1925120,38878234753,24741128822,Sign,,1952,4000,0.002,3293,,500000.0,1762751331,
Dilithium3,1,,1.8359375,,758,146,,,0,,,,,0,1925120,38878234753,24741128822,Verify,,1952,4000,,3293,,0.0,1762751331,0.0
ECDSA-P256,1,,1.8359375,,758,156,,,0,,,,0.0,0,1925120,38878234753,24741128822,Keygen,,65,32,,72,,0.0,1762751331,
ECDSA-P256,1,,1.8359375,,758,164,,,0,,,,,0,1925120,38878234753,24741128822,Sign,,65,32,0.0,72,,0.0,1762751331,
ECDSA-P256,1,,1.8359375,,758,174,,,0,,,,,0,1925120,38878234753,24741128822,Verify,,65,32,,72,,0.0,1762751331,0.0
AES-GCM-256,1,,1.8359375,1040,758,185,,,0,,0.002534,,,2,1925120,38878234753,24741128822,BulkEncrypt,,,,,,101.5625,500000.0,1762751331,
AES-GCM-256,1,,1.8359375,1040,758,197,,0.002044,0,,,,,2,1925120,38878234753,24741128822,BulkDecrypt,,,,,,101.5625,500000.0,1762751331,
Kyber512,1,,2.19140625,,0,580,,,0,,,,0.003,3,2297856,38878234753,24741128822,Keygen,,800,1632,,0,,333333.3333333333,1762751331,
Kyber512,1,,2.19140625,,0,606,,,0,,,,0.0,0,2297856,38878234753,24741128822,Keygen,,800,1632,,0,,0.0,1762751331,
Kyber512,1,,2.19140625,,0,616,,,0,0.0,,,,0,2297856,38878234753,24741128822,Encapsulate,,800,1632,,0,,0.0,1762751331,
Kyber512,1,,2.19140625,,0,626,,,0,0.0,,,,0,2297856,38878234753,24741128822,Encapsulate,,800,1632,,0,,0.0,1762751331,
Kyber512,1,,2.19140625,,0,635,0.0,,0,,,,,0,2297856,38878234753,24741128822,Decapsulate,,800,1632,,0,,0.0,1762751331,
Kyber768,1,,2.19140625,,0,646,,,0,,,,0.001,1,2297856,38878234753,24741128822,Keygen,,1184,2400,,0,,1000000.0,1762751331,
Kyber768,1,,2.19140625,,0,657,,,0,,,,0.001,1,2297856,38878234753,24741128822,Keygen,,1184,2400,,0,,1000000.0,1762751331,
Kyber768,1,,2.19140625,,0,667,,,0,0.0,,,,0,2297856,38878234753,24741128822,Encapsulate,,1184,2400,,0,,0.0,1762751331,
Kyber768,1,,2.19140625,,0,675,,,0,0.0,,,,0,2297856,38878234753,24741128822,Encapsulate,,1184,2400,,0,,0.0,1762751331,
Kyber768,1,,2.19140625,,0,684,0.0,,0,,,,,0,2297856,38878234753,24741128822,Decapsulate,,1184,2400,,0,,0.0,1762751331,
RSA-2048,1,,2.19140625,,0,693,,,0,,,,0.0,0,2297856,38878234753,24741128822,Keygen,,294,1192,,256,,0.0,1762751331,
RSA-2048,1,,2.19140625,,0,712,,,0,,,,0.001,1,2297856,38878234753,24741128822,Keygen,,294,1192,,256,,1000000.0,1762751331,
RSA-2048,1,,2.19140625,,0,739,,,0,0.0,,,,0,2297856,38878234753,24741128822,Encapsulate,,294,1192,,256,,0.0,1762751331,
ECDHE-P256,1,,2.19140625,,0,753,,,0,,,,0.0,0,2297856,38878234753,24741128822,Keygen,,65,32,,0,,0.0,1762751331,
ECDHE-P256,1,,2.19140625,,0,762,,,0,,,,0.0,0,2297856,38878234753,24741128822,Keygen,,65,32,,0,,0.0,1762751331,
ECDHE-P256,1,,2.19140625,,0,771,,,0,0.0,,,,0,2297856,38878234753,24741128822,Encapsulate,,65,32,,0,,0.0,1762751331,
Dilithium2,1,,2.19140625,,0,783,,,0,,,,0.002,2,2297856,38878234753,24741128822,Keygen,,1312,2528,,2420,,500000.0,1762751331,
Dilithium2,1,,2.19140625,,0,793,,,0,,,,,0,2297856,38878234753,24741128822,Sign,,1312,2528,0.0,2420,,0.0,1762751331,
Dilithium2,1,,2.19140625,,0,802,,,0,,,,,0,2297856,38878234753,24741128822,Verify,,1312,2528,,2420,,0.0,1762751331,0.0
Dilithium3,1,,2.19140625,,0,814,,,0,,,,0.002,2,2297856,38878234753,24741128822,Keygen,,1952,4000,,3293,,500000.0,1762751331,
Dilithium3,1,,2.19140625,,0,823,,,0,,,,,0,2297856,38878234753,24741128822,Sign,,1952,4000,0.0,3293,,0.0,1762751331,
Dilithium3,1,,2.19140625,,0,832,,,0,,,,,0,2297856,38878234753,24741128822,Verify,,1952,4000,,3293,,0.0,1762751331,0.0
ECDSA-P256,1,,2.19140625,,0,841,,,0,,,,0.0,0,2297856,38878234753,24741128822,Keygen,,65,32,,72,,0.0,1762751331,
ECDSA-P256,1,,2.19140625,,0,850,,,0,,,,,0,2297856,38878234753,24741128822,Sign,,65,32,0.0,72,,0.0,1762751331,
ECDSA-P256,1,,2.19140625,,0,859,,,0,,,,,0,2297856,38878234753,24741128822,Verify,,65,32,,72,,0.0,1762751331,0.0
AES-GCM-256,1,,2.19140625,1040,0,871,,,0,,0.002485,,,2,2297856,38878234753,24741128822,BulkEncrypt,,,,,,101.5625,500000.0,1762751331,
AES-GCM-256,1,,2.19140625,1040,0,882,,0.0020940000000000004,0,,,,,2,2297856,38878234753,24741128822,BulkDecrypt,,,,,,101.5625,500000.0,1762751331,
Kyber512,1,,2.1953125,,672,0,,,0,,,,0.003,3,2301952,38878234753,24741128822,Keygen,,800,1632,,0,,333333.3333333333,1762751331,
Kyber512,1,,2.1953125,,700,0,,,0,,,,0.0,0,2301952,38878234753,24741128822,Keygen,,800,1632,,0,,0.0,1762751331,
Kyber512,1,,2.1953125,,712,0,,,0,0.0,,,,0,2301952,38878234753,24741128822,Encapsulate,,800,1632,,0,,0.0,1762751331,
Kyber512,1,,2.1953125,,722,0,,,0,0.0,,,,0,2301952,38878234753,24741128822,Encapsulate,,800,1632,,0,,0.0,1762751331,
Kyber512,1,,2.1953125,,731,0,0.0,,0,,,,,0,2301952,38878234753,24741128822,Decapsulate,,800,1632,,0,,0.0,1762751331,
Kyber768,1,,2.1953125,,741,0,,,0,,,,0.001,1,2301952,38878234753,24741128822,Keygen,,1184,2400,,0,,1000000.0,1762751331,
Kyber768,1,,2.1953125,,752,0,,,0,,,,0.001,1,2301952,38878234753,24741128822,Keygen,,1184,2400,,0,,1000000.0,1762751331,
Kyber768,1,,2.1953125,,762,0,,,0,0.0,,,,0,2301952,38878234753,24741128822,Encapsulate,,1184,2400,,0,,0.0,1762751331,
Kyber768,1,,2.1953125,,771,0,,,0,0.0,,,,0,2301952,38878234753,24741128822,Encapsulate,,1184,2400,,0,,0.0,1762751331,
Kyber768,1,,2.1953125,,779,0,0.0,,0,,,,,0,2301952,38878234753,24741128822,Decapsulate,,1184,2400,,0,,0.0,1762751331,
RSA-2048,1,,2.1953125,,789,0,,,0,,,,0.0,0,2301952,38878234753,24741128822,Keygen,,294,1192,,256,,0.0,1762751331,
RSA-2048,1,,2.1953125,,799,0,,,0,,,,0.0,0,2301952,38878234753,24741128822,Keygen,,294,1192,,256,,0.0,1762751331,
RSA-2048,1,,2.1953125,,809,0,,,0,0.0,,,,0,2301952,38878234753,24741128822,Encapsulate,,294,1192,,256,,0.0,1762751331,
ECDHE-P256,1,,2.1953125,,842,0,,,0,,,,0.0,0,2301952,38878234753,24741128822,Keygen,,65,32,,0,,0.0,1762751331,
ECDHE-P256,1,,2.1953125,,853,0,,,0,,,,0.0,0,2301952,38878234753,24741128822,Keygen,,65,32,,0,,0.0,1762751331,
ECDHE-P256,1,,2.1953125,,862,0,,,0,0.0,,,,0,2301952,38878234753,24741128822,Encapsulate,,65,32,,0,,0.0,1762751331,
Dilithium2,1,,2.1953125,,873,0,,,0,,,,0.002,2,2301952,38878234753,24741128822,Keygen,,1312,2528,,2420,,500000.0,1762751331,
Dilithium2,1,,2.1953125,,883,0,,,0,,,,,0,2301952,38878234753,24741128822,Sign,,1312,2528,0.0,2420,,0.0,1762751331,
Dilithium2,1,,2.1953125,,892,0,,,0,,,,,0,2301952,38878234753,24741128822,Verify,,1312,2528,,2420,,0.0,1762751331,0.0
Dilithium3,1,,2.1953125,,904,0,,,0,,,,0.002,2,2301952,38878234753,24741128822,Keygen,,1952,4000,,3293,,500000.0,1762751331,
Dilithium3,1,,2.1953125,,914,0,,,0,,,,,0,2301952,38878234753,24741128822,Sign,,1952,4000,0.0,3293,,0.0,1762751331,
Dilithium3,1,,2.1953125,,922,0,,,0,,,,,0,2301952,38878234753,24741128822,Verify,,1952,4000,,3293,,0.0,1762751331,0.0
ECDSA-P256,1,,2.1953125,,931,0,,,0,,,,0.0,0,2301952,38878234753,24741128822,Keygen,,65,32,,72,,0.0,1762751331,
ECDSA-P256,1,,2.1953125,,940,0,,,0,,,,,0,2301952,38878234753,24741128822,Sign,,65,32,0.0,72,,0.0,1762751331,
ECDSA-P256,1,,2.1953125,,949,0,,,0,,,,,0,2301952,38878234753,24741128822,Verify,,65,32,,72,,0.0,1762751331,0.0
AES-GCM-256,1,,2.1953125,1040,961,0,,,0,,0.002465,,,2,2301952,38878234753,24741128822,BulkEncrypt,,,,,,101.5625,500000.0,1762751331,
AES-GCM-256,1,,2.1953125,1040,972,0,,0.0020540000000000003,0,,,,,2,2301952,38878234753,24741128822,BulkDecrypt,,,,,,101.5625,500000.0,1762751331,
Kyber512,1,,2.15625,,0,658,,,0,,,,0.004,4,2260992,38878234753,24741128822,Keygen,,800,1632,,0,,250000.0,1762751331,
Kyber512,1,,2.15625,,0,687,,,0,,,,0.0,0,2260992,38878234753,24741128822,Keygen,,800,1632,,0,,0.0,1762751331,
Kyber512,1,,2.15625,,0,699,,,0,0.0,,,,0,2260992,38878234753,24741128822,Encapsulate,,800,1632,,0,,0.0,1762751331,
Kyber512,1,,2.15625,,0,709,,,0,0.0,,,,0,2260992,38878234753,24741128822,Encapsulate,,800,1632,,0,,0.0,1762751331,
Kyber512,1,,2.15625,,0,718,0.0,,0,,,,,0,2260992,38878234753,24741128822,Decapsulate,,800,1632,,0,,0.0,1762751331,
Kyber768,1,,2.15625,,0,729,,,0,,,,0.001,1,2260992,38878234753,24741128822,Keygen,,1184,2400,,0,,1000000.0,1762751331,
Kyber768,1,,2.15625,,0,740,,,0,,,,0.001,1,2260992,38878234753,24741128822,Keygen,,1184,2400,,0,,1000000.0,1762751331,
Kyber768,1,,2.15625,,0,750,,,0,0.0,,,,0,2260992,38878234753,24741128822,Encapsulate,,1184,2400,,0,,0.0,1762751331,
Kyber768,1,,2.15625,,0,759,,,0,0.0,,,,0,2260992,38878234753,24741128822,Encapsulate,,1184,2400,,0,,0.0,1762751331,
Kyber768,1,,2.15625,,0,768,0.0,,0,,,,,0,2260992,38878234753,24741128822,Decapsulate,,1184,2400,,0,,0.0,1762751331,
RSA-2048,1,,2.15625,,0,778,,,0,,,,0.0,0,2260992,38878234753,24741128822,Keygen,,294,1192,,256,,0.0,1762751331,
RSA-2048,1,,2.15625,,0,788,,,0,,,,0.0,0,2260992,38878234753,24741128822,Keygen,,294,1192,,256,,0.0,1762751331,
RSA-2048,1,,2.15625,,0,797,,,0,0.0,,,,0,2260992,38878234753,24741128822,Encapsulate,,294,1192,,256,,0.0,1762751331,
ECDHE-P256,1,,2.15625,,0,807,,,0,,,,0.0,0,2260992,38878234753,24741128822,Keygen,,65,32,,0,,0.0,1762751331,
ECDHE-P256,1,,2.15625,,0,816,,,0,,,,0.0,0,2260992,38878234753,24741128822,Keygen,,65,32,,0,,0.0,1762751331,
ECDHE-P256,1,,2.15625,,0,825,,,0,0.0,,,,0,2260992,38878234753,24741128822,Encapsulate,,65,32,,0,,0.0,1762751331,
Dilithium2,1,,2.15625,,0,837,,,0,,,,0.002,2,2260992,38878234753,24741128822,Keygen,,1312,2528,,2420,,500000.0,1762751331,
Dilithium2,1,,2.15625,,0,846,,,0,,,,,0,2260992,38878234753,24741128822,Sign,,1312,2528,0.0,2420,,0.0,1762751331,
Dilithium2,1,,2.15625,,0,856,,,0,,,,,0,2260992,38878234753,24741128822,Verify,,1312,2528,,2420,,0.0,1762751331,0.0
Dilithium3,1,,2.15625,,0,868,,,0,,,,0.002,2,2260992,38878234753,24741128822,Keygen,,1952,4000,,3293,,500000.0,1762751331,
Dilithium3,1,,2.15625,,0,878,,,0,,,,,0,2260992,38878234753,24741128822,Sign,,1952,4000,0.0,3293,,0.0,1762751331,
Dilithium3,1,,2.15625,,0,886,,,0,,,,,0,2260992,38878234753,24741128822,Verify,,1952,4000,,3293,,0.0,1762751331,0.0
ECDSA-P256,1,,2.15625,,0,896,,,0,,,,0.0,0,2260992,38878234753,24741128822,Keygen,,65,32,,72,,0.0,1762751331,
ECDSA-P256,1,,2.15625,,0,904,,,0,,,,,0,2260992,38878234753,24741128822,Sign,,65,32,0.0,72,,0.0,1762751331,
ECDSA-P256,1,,2.15625,,0,913,,,0,,,,,0,2260992,38878234753,24741128822,Verify,,65,32,,72,,0.0,1762751331,0.0
AES-GCM-256,1,,2.15625,1040,0,925,,,0,,0.002495,,,2,2260992,38878234753,24741128822,BulkEncrypt,,,,,,101.5625,500000.0,1762751331,
AES-GCM-256,1,,2.15625,1040,0,966,,0.0025849999999999996,0,,,,,2,2260992,38878234753,24741128822,BulkDecrypt,,,,,,101.5625,500000.0,1762751331,
Kyber512,1,,1.90625,,674,0,,,0,,,,0.004,4,1998848,38878234753,24741128822,Keygen,,800,1632,,0,,250000.0,1762751331,
Kyber512,1,,1.90625,,704,0,,,0,,,,0.0,0,1998848,38878234753,24741128822,Keygen,,800,1632,,0,,0.0,1762751331,
Kyber512,1,,1.90625,,716,0,,,0,0.0,,,,0,1998848,38878234753,24741128822,Encapsulate,,800,1632,,0,,0.0,1762751331,
Kyber512,1,,1.90625,,726,0,,,0,0.0,,,,0,1998848,38878234753,24741128822,Encapsulate,,800,1632,,0,,0.0,1762751331,
Kyber512,1,,1.90625,,734,0,0.0,,0,,,,,0,1998848,38878234753,24741128822,Decapsulate,,800,1632,,0,,0.0,1762751331,
Kyber768,1,,1.90625,,745,0,,,0,,,,0.001,1,1998848,38878234753,24741128822,Keygen,,1184,2400,,0,,1000000.0,1762751331,
Kyber768,1,,1.90625,,757,0,,,0,,,,0.001,1,1998848,38878234753,24741128822,Keygen,,1184,2400,,0,,1000000.0,1762751331,
Kyber768,1,,1.90625,,767,0,,,0,0.0,,,,0,1998848,38878234753,24741128822,Encapsulate,,1184,2400,,0,,0.0,1762751331,
Kyber768,1,,1.90625,,776,0,,,0,0.0,,,,0,1998848,38878234753,24741128822,Encapsulate,,1184,2400,,0,,0.0,1762751331,
Kyber768,1,,1.90625,,784,0,0.0,,0,,,,,0,1998848,38878234753,24741128822,Decapsulate,,1184,2400,,0,,0.0,1762751331,
RSA-2048,1,,1.90625,,794,0,,,0,,,,0.0,0,1998848,38878234753,24741128822,Keygen,,294,1192,,256,,0.0,1762751331,
RSA-2048,1,,1.90625,,807,0,,,0,,,,0.0,0,1998848,38878234753,24741128822,Keygen,,294,1192,,256,,0.0,1762751331,
RSA-2048,1,,1.90625,,820,0,,,0,0.0,,,,0,1998848,38878234753,24741128822,Encapsulate,,294,1192,,256,,0.0,1762751331,
ECDHE-P256,1,,1.90625,,831,0,,,0,,,,0.0,0,1998848,38878234753,24741128822,Keygen,,65,32,,0,,0.0,1762751331,
ECDHE-P256,1,,1.90625,,840,0,,,0,,,,0.0,0,1998848,38878234753,24741128822,Keygen,,65,32,,0,,0.0,1762751331,
ECDHE-P256,1,,1.90625,,849,0,,,0,0.0,,,,0,1998848,38878234753,24741128822,Encapsulate,,65,32,,0,,0.0,1762751331,
Dilithium2,1,,1.90625,,861,0,,,0,,,,0.003,3,1998848,38878234753,24741128822,Keygen,,1312,2528,,2420,,333333.3333333333,1762751331,
Dilithium2,1,,1.90625,,871,0,,,0,,,,,0,1998848,38878234753,24741128822,Sign,,1312,2528,0.0,2420,,0.0,1762751331,
Dilithium2,1,,1.90625,,881,0,,,0,,,,,0,1998848,38878234753,24741128822,Verify,,1312,2528,,2420,,0.0,1762751331,0.0
Dilithium3,1,,1.90625,,893,0,,,0,,,,0.002,2,1998848,38878234753,24741128822,Keygen,,1952,4000,,3293,,500000.0,1762751331,
Dilithium3,1,,1.90625,,902,0,,,0,,,,,0,1998848,38878234753,24741128822,Sign,,1952,4000,0.0,3293,,0.0,1762751331,
Dilithium3,1,,1.90625,,912,0,,,0,,,,,0,1998848,38878234753,24741128822,Verify,,1952,4000,,3293,,0.0,1762751331,0.0
ECDSA-P256,1,,1.90625,,921,0,,,0,,,,0.0,0,1998848,38878234753,24741128822,Keygen,,65,32,,72,,0.0,1762751331,
ECDSA-P256,1,,1.90625,,930,0,,,0,,,,,0,1998848,38878234753,24741128822,Sign,,65,32,0.0,72,,0.0,1762751331,
ECDSA-P256,1,,1.90625,,939,0,,,0,,,,,0,1998848,38878234753,24741128822,Verify,,65,32,,72,,0.0,1762751331,0.0
AES-GCM-256,1,,1.90625,1040,950,0,,,0,,0.002495,,,2,1998848,38878234753,24741128822,BulkEncrypt,,,,,,101.5625,500000.0,1762751331,
AES-GCM-256,1,,1.90625,1040,962,0,,0.002034,0,,,,,2,1998848,38878234753,24741128822,BulkDecrypt,,,,,,101.5625,500000.0,1762751331,
Kyber512,1,,1.9296875,,660,0,,,0,,,,0.004,4,2023424,38878234753,24741128822,Keygen,,800,1632,,0,,250000.0,1762751331,
Kyber512,1,,1.9296875,,687,0,,,0,,,,0.0,0,2023424,38878234753,24741128822,Keygen,,800,1632,,0,,0.0,1762751331,
Kyber512,1,,1.9296875,,699,0,,,0,0.0,,,,0,2023424,38878234753,24741128822,Encapsulate,,800,1632,,0,,0.0,1762751331,
Kyber512,1,,1.9296875,,709,0,,,0,0.0,,,,0,2023424,38878234753,24741128822,Encapsulate,,800,1632,,0,,0.0,1762751331,
Kyber512,1,,1.9296875,,717,0,0.0,,0,,,,,0,2023424,38878234753,24741128822,Decapsulate,,800,1632,,0,,0.0,1762751331,
Kyber768,1,,1.9296875,,728,0,,,0,,,,0.001,1,2023424,38878234753,24741128822,Keygen,,1184,2400,,0,,1000000.0,1762751331,
Kyber768,1,,1.9296875,,739,0,,,0,,,,0.001,1,2023424,38878234753,24741128822,Keygen,,1184,2400,,0,,1000000.0,1762751331,
Kyber768,1,,1.9296875,,749,0,,,0,0.0,,,,0,2023424,38878234753,24741128822,Encapsulate,,1184,2400,,0,,0.0,1762751331,
Kyber768,1,,1.9296875,,758,0,,,0,0.0,,,,0,2023424,38878234753,24741128822,Encapsulate,,1184,2400,,0,,0.0,1762751331,
Kyber768,1,,1.9296875,,766,0,0.0,,0,,,,,0,2023424,38878234753,24741128822,Decapsulate,,1184,2400,,0,,0.0,1762751331,
RSA-2048,1,,1.9296875,,775,0,,,0,,,,0.0,0,2023424,38878234753,24741128822,Keygen,,294,1192,,256,,0.0,1762751331,
RSA-2048,1,,1.9296875,,785,0,,,0,,,,0.0,0,2023424,38878234753,24741128822,Keygen,,294,1192,,256,,0.0,1762751331,
RSA-2048,1,,1.9296875,,794,0,,,0,0.0,,,,0,2023424,38878234753,24741128822,Encapsulate,,294,1192,,256,,0.0,1762751331,
ECDHE-P256,1,,1.9296875,,803,0,,,0,,,,0.0,0,2023424,38878234753,24741128822,Keygen,,65,32,,0,,0.0,1762751331,
ECDHE-P256,1,,1.9296875,,813,0,,,0,,,,0.0,0,2023424,38878234753,24741128822,Keygen,,65,32,,0,,0.0,1762751331,
ECDHE-P256,1,,1.9296875,,821,0,,,0,0.0,,,,0,2023424,38878234753,24741128822,Encapsulate,,65,32,,0,,0.0,1762751331,
Dilithium2,1,,1.9296875,,832,0,,,0,,,,0.001,1,2023424,38878234753,24741128822,Keygen,,1312,2528,,2420,,1000000.0,1762751331,
Dilithium2,1,,1.9296875,,841,0,,,0,,,,,0,2023424,38878234753,24741128822,Sign,,1312,2528,0.0,2420,,0.0,1762751331,
Dilithium2,1,,1.9296875,,851,0,,,0,,,,,0,2023424,38878234753,24741128822,Verify,,1312,2528,,2420,,0.0,1762751331,0.0
Dilithium3,1,,1.9296875,,863,0,,,0,,,,0.002,2,2023424,38878234753,24741128822,Keygen,,1952,4000,,3293,,500000.0,1762751331,
Dilithium3,1,,1.9296875,,872,0,,,0,,,,,0,2023424,38878234753,24741128822,Sign,,1952,4000,0.0,3293,,0.0,1762751331,
Dilithium3,1,,1.9296875,,880,0,,,0,,,,,0,2023424,38878234753,24741128822,Verify,,1952,4000,,3293,,0.0,1762751331,0.0
ECDSA-P256,1,,1.9296875,,889,0,,,0,,,,0.0,0,2023424,38878234753,24741128822,Keygen,,65,32,,72,,0.0,1762751331,
ECDSA-P256,1,,1.9296875,,898,0,,,0,,,,,0,2023424,38878234753,24741128822,Sign,,65,32,0.0,72,,0.0,1762751331,
ECDSA-P256,1,,1.9296875,,907,0,,,0,,,,,0,2023424,38878234753,24741128822,Verify,,65,32,,72,,0.0,1762751331,0.0
AES-GCM-256,1,,1.9296875,1040,918,0,,,0,,0.0024449999999999997,,,2,2023424,38878234753,24741128822,BulkEncrypt,,,,,,101.5625,500000.0,1762751331,
AES-GCM-256,1,,1.9296875,1040,930,0,,0.002074,0,,,,,2,2023424,38878234753,24741128822,BulkDecrypt,,,,,,101.5625,500000.0,1762751331,
Kyber512,1,,2.15625,,0,717,,,0,,,,0.004,4,2260992,38878234753,24741128822,Keygen,,800,1632,,0,,250000.0,1762751331,
Kyber512,1,,2.15625,,0,746,,,0,,,,0.0,0,2260992,38878234753,24741128822,Keygen,,800,1632,,0,,0.0,1762751331,
Kyber512,1,,2.15625,,0,758,,,0,0.0,,,,0,2260992,38878234753,24741128822,Encapsulate,,800,1632,,0,,0.0,1762751331,
Kyber512,1,,2.15625,,0,768,,,0,0.0,,,,0,2260992,38878234753,24741128822,Encapsulate,,800,1632,,0,,0.0,1762751331,
Kyber512,1,,2.15625,,0,778,0.0,,0,,,,,0,2260992,38878234753,24741128822,Decapsulate,,800,1632,,0,,0.0,1762751331,
Kyber768,1,,2.15625,,0,789,,,0,,,,0.001,1,2260992,38878234753,24741128822,Keygen,,1184,2400,,0,,1000000.0,1762751331,
Kyber768,1,,2.15625,,0,801,,,0,,,,0.001,1,2260992,38878234753,24741128822,Keygen,,1184,2400,,0,,1000000.0,1762751331,
Kyber768,1,,2.15625,,0,811,,,0,0.0,,,,0,2260992,38878234753,24741128822,Encapsulate,,1184,2400,,0,,0.0,1762751331,
Kyber768,1,,2.15625,,0,819,,,0,0.0,,,,0,2260992,38878234753,24741128822,Encapsulate,,1184,2400,,0,,0.0,1762751331,
Kyber768,1,,2.15625,,0,828,0.0,,0,,,,,0,2260992,38878234753,24741128822,Decapsulate,,1184,2400,,0,,0.0,1762751331,
RSA-2048,1,,2.15625,,0,837,,,0,,,,0.0,0,2260992,38878234753,24741128822,Keygen,,294,1192,,256,,0.0,1762751331,
RSA-2048,1,,2.15625,,0,847,,,0,,,,0.0,0,2260992,38878234753,24741128822,Keygen,,294,1192,,256,,0.0,1762751331,
RSA-2048,1,,2.15625,,0,856,,,0,0.0,,,,0,2260992,38878234753,24741128822,Encapsulate,,294,1192,,256,,0.0,1762751331,
ECDHE-P256,1,,2.15625,,0,866,,,0,,,,0.0,0,2260992,38878234753,24741128822,Keygen,,65,32,,0,,0.0,1762751331,
ECDHE-P256,1,,2.15625,,0,875,,,0,,,,0.0,0,2260992,38878234753,24741128822,Keygen,,65,32,,0,,0.0,1762751331,
ECDHE-P256,1,,2.15625,,0,884,,,0,0.0,,,,0,2260992,38878234753,24741128822,Encapsulate,,65,32,,0,,0.0,1762751331,
Dilithium2,1,,2.15625,,0,895,,,0,,,,0.001,1,2260992,38878234753,24741128822,Keygen,,1312,2528,,2420,,1000000.0,1762751331,
Dilithium2,1,,2.15625,,0,904,,,0,,,,,0,2260992,38878234753,24741128822,Sign,,1312,2528,0.0,2420,,0.0,1762751331,
Dilithium2,1,,2.15625,,0,913,,,0,,,,,0,2260992,38878234753,24741128822,Verify,,1312,2528,,2420,,0.0,1762751331,0.0
Dilithium3,1,,2.15625,,0,925,,,0,,,,0.002,2,2260992,38878234753,24741128822,Keygen,,1952,4000,,3293,,500000.0,1762751331,
Dilithium3,1,,2.15625,,0,935,,,0,,,,,0,2260992,38878234753,24741128822,Sign,,1952,4000,0.0,3293,,0.0,1762751331,
Dilithium3,1,,2.15625,,0,944,,,0,,,,,0,2260992,38878234753,24741128822,Verify,,1952,4000,,3293,,0.0,1762751331,0.0
ECDSA-P256,1,,2.15625,,0,953,,,0,,,,0.0,0,2260992,38878234753,24741128822,Keygen,,65,32,,72,,0.0,1762751331,
ECDSA-P256,1,,2.15625,,0,964,,,0,,,,,0,2260992,38878234753,24741128822,Sign,,65,32,0.0,72,,0.0,1762751331,
ECDSA-P256,1,,2.15625,,0,972,,,0,,,,,0,2260992,38878234753,24741128822,Verify,,65,32,,72,,0.0,1762751331,0.0
AES-GCM-256,1,,2.15625,1040,0,984,,,0,,0.0024449999999999997,,,2,2260992,38878234753,24741128822,BulkEncrypt,,,,,,101.5625,500000.0,1762751331,
AES-GCM-256,1,,2.15625,1040,0,996,,0.002064,0,,,,,2,2260992,38878234753,24741128822,BulkDecrypt,,,,,,101.5625,500000.0,1762751331,
Kyber512,1,,1.828125,,671,0,,,0,,,,0.004,4,1916928,38878234753,24741128822,Keygen,,800,1632,,0,,250000.0,1762751331,
Kyber512,1,,1.828125,,703,0,,,0,,,,0.001,1,1916928,38878234753,24741128822,Keygen,,800,1632,,0,,1000000.0,1762751331,
Kyber512,1,,1.828125,,715,0,,,0,0.0,,,,0,1916928,38878234753,24741128822,Encapsulate,,800,1632,,0,,0.0,1762751331,
Kyber512,1,,1.828125,,725,0,,,0,0.0,,,,0,1916928,38878234753,24741128822,Encapsulate,,800,1632,,0,,0.0,1762751331,
Kyber512,1,,1.828125,,734,0,0.0,,0,,,,,0,1916928,38878234753,24741128822,Decapsulate,,800,1632,,0,,0.0,1762751331,
Kyber768,1,,1.828125,,745,0,,,0,,,,0.001,1,1916928,38878234753,24741128822,Keygen,,1184,2400,,0,,1000000.0,1762751331,
Kyber768,1,,1.828125,,755,0,,,0,,,,0.001,1,1916928,38878234753,24741128822,Keygen,,1184,2400,,0,,1000000.0,1762751331,
Kyber768,1,,1.828125,,766,0,,,0,0.0,,,,0,1916928,38878234753,24741128822,Encapsulate,,1184,2400,,0,,0.0,1762751331,
Kyber768,1,,1.828125,,775,0,,,0,0.0,,,,0,1916928,38878234753,24741128822,Encapsulate,,1184,2400,,0,,0.0,1762751331,
Kyber768,1,,1.828125,,783,0,0.0,,0,,,,,0,1916928,38878234753,24741128822,Decapsulate,,1184,2400,,0,,0.0,1762751331,
RSA-2048,1,,1.828125,,792,0,,,0,,,,0.0,0,1916928,38878234753,24741128822,Keygen,,294,1192,,256,,0.0,1762751331,
RSA-2048,1,,1.828125,,802,0,,,0,,,,0.0,0,1916928,38878234753,24741128822,Keygen,,294,1192,,256,,0.0,1762751331,
RSA-2048,1,,1.828125,,811,0,,,0,0.0,,,,0,1916928,38878234753,24741128822,Encapsulate,,294,1192,,256,,0.0,1762751331,
ECDHE-P256,1,,1.828125,,821,0,,,0,,,,0.0,0,1916928,38878234753,24741128822,Keygen,,65,32,,0,,0.0,1762751331,
ECDHE-P256,1,,1.828125,,831,0,,,0,,,,0.0,0,1916928,38878234753,24741128822,Keygen,,65,32,,0,,0.0,1762751331,
ECDHE-P256,1,,1.828125,,840,0,,,0,0.0,,,,0,1916928,38878234753,24741128822,Encapsulate,,65,32,,0,,0.0,1762751331,
Dilithium2,1,,1.828125,,852,0,,,0,,,,0.003,3,1916928,38878234753,24741128822,Keygen,,1312,2528,,2420,,333333.3333333333,1762751331,
Dilithium2,1,,1.828125,,862,0,,,0,,,,,0,1916928,38878234753,24741128822,Sign,,1312,2528,0.0,2420,,0.0,1762751331,
Dilithium2,1,,1.828125,,871,0,,,0,,,,,0,1916928,38878234753,24741128822,Verify,,1312,2528,,2420,,0.0,1762751331,0.0
Dilithium3,1,,1.828125,,882,0,,,0,,,,0.002,2,1916928,38878234753,24741128822,Keygen,,1952,4000,,3293,,500000.0,1762751331,
Dilithium3,1,,1.828125,,891,0,,,0,,,,,0,1916928,38878234753,24741128822,Sign,,1952,4000,0.0,3293,,0.0,1762751331,
Dilithium3,1,,1.828125,,900,0,,,0,,,,,0,1916928,38878234753,24741128822,Verify,,1952,4000,,3293,,0.0,1762751331,0.0
ECDSA-P256,1,,1.828125,,909,0,,,0,,,,0.0,0,1916928,38878234753,24741128822,Keygen,,65,32,,72,,0.0,1762751331,
ECDSA-P256,1,,1.828125,,919,0,,,0,,,,,0,1916928,38878234753,24741128822,Sign,,65,32,0.0,72,,0.0,1762751331,
ECDSA-P256,1,,1.828125,,927,0,,,0,,,,,0,1916928,38878234753,24741128822,Verify,,65,32,,72,,0.0,1762751331,0.0
AES-GCM-256,1,,1.828125,1040,938,0,,,0,,0.002475,,,2,1916928,38878234753,24741128822,BulkEncrypt,,,,,,101.5625,500000.0,1762751331,
AES-GCM-256,1,,1.828125,1040,950,0,,0.002074,0,,,,,2,1916928,38878234753,24741128822,BulkDecrypt,,,,,,101.5625,500000.0,1762751331,
Kyber512,1,,1.96484375,,0,798,,,0,,,,0.005,5,2060288,38878234753,24741128822,Keygen,,800,1632,,0,,200000.0,1762751331,
Kyber512,1,,1.96484375,,0,835,,,0,,,,0.0,0,2060288,38878234753,24741128822,Keygen,,800,1632,,0,,0.0,1762751331,
Kyber512,1,,1.96484375,,0,849,,,0,0.0,,,,0,2060288,38878234753,24741128822,Encapsulate,,800,1632,,0,,0.0,1762751331,
Kyber512,1,,1.96484375,,0,862,,,0,0.0,,,,0,2060288,38878234753,24741128822,Encapsulate,,800,1632,,0,,0.0,1762751331,
Kyber512,1,,1.96484375,,0,873,0.0,,0,,,,,0,2060288,38878234753,24741128822,Decapsulate,,800,1632,,0,,0.0,1762751331,
Kyber768,1,,1.96484375,,0,887,,,0,,,,0.001,1,2060288,38878234753,24741128822,Keygen,,1184,2400,,0,,1000000.0,1762751331,
Kyber768,1,,1.96484375,,0,900,,,0,,,,0.001,1,2060288,38878234753,24741128822,Keygen,,1184,2400,,0,,1000000.0,1762751331,
Kyber768,1,,1.96484375,,0,913,,,0,0.0,,,,0,2060288,38878234753,24741128822,Encapsulate,,1184,2400,,0,,0.0,1762751331,
Kyber768,1,,1.96484375,,0,924,,,0,0.0,,,,0,2060288,38878234753,24741128822,Encapsulate,,1184,2400,,0,,0.0,1762751331,
Kyber768,1,,1.96484375,,0,935,0.0,,0,,,,,0,2060288,38878234753,24741128822,Decapsulate,,1184,2400,,0,,0.0,1762751331,
RSA-2048,1,,1.96484375,,0,947,,,0,,,,0.0,0,2060288,38878234753,24741128822,Keygen,,294,1192,,256,,0.0,1762751331,
RSA-2048,1,,1.96484375,,0,960,,,0,,,,0.0,0,2060288,38878234753,24741128822,Keygen,,294,1192,,256,,0.0,1762751331,
RSA-2048,1,,1.96484375,,12,960,,,0,0.0,,,,0,2060288,38878234753,24741128822,Encapsulate,,294,1192,,256,,0.0,1762751331,
ECDHE-P256,1,,1.96484375,,25,960,,,0,,,,0.0,0,2060288,38878234753,24741128822,Keygen,,65,32,,0,,0.0,1762751331,
ECDHE-P256,1,,1.96484375,,35,960,,,0,,,,0.0,0,2060288,38878234753,24741128822,Keygen,,65,32,,0,,0.0,1762751331,
ECDHE-P256,1,,1.96484375,,44,960,,,0,0.0,,,,0,2060288,38878234753,24741128822,Encapsulate,,65,32,,0,,0.0,1762751331,
Dilithium2,1,,1.96484375,,56,960,,,0,,,,0.002,2,2060288,38878234753,24741128822,Keygen,,1312,2528,,2420,,500000.0,1762751331,
Dilithium2,1,,1.96484375,,65,960,,,0,,,,,0,2060288,38878234753,24741128822,Sign,,1312,2528,0.0,2420,,0.0,1762751331,
Dilithium2,1,,1.96484375,,75,960,,,0,,,,,0,2060288,38878234753,24741128822,Verify,,1312,2528,,2420,,0.0,1762751331,0.0
Dilithium3,1,,1.96484375,,87,960,,,0,,,,0.002,2,2060288,38878234753,24741128822,Keygen,,1952,4000,,3293,,500000.0,1762751331,
Dilithium3,1,,1.96484375,,97,960,,,0,,,,,0,2060288,38878234753,24741128822,Sign,,1952,4000,0.0,3293,,0.0,1762751331,
Dilithium3,1,,1.96484375,,107,960,,,0,,,,,0,2060288,38878234753,24741128822,Verify,,1952,4000,,3293,,0.0,1762751331,0.0
ECDSA-P256,1,,1.96484375,,117,960,,,0,,,,0.0,0,2060288,38878234753,24741128822,Keygen,,65,32,,72,,0.0,1762751331,
ECDSA-P256,1,,1.96484375,,125,960,,,0,,,,,0,2060288,38878234753,24741128822,Sign,,65,32,0.0,72,,0.0,1762751331,
ECDSA-P256,1,,1.96484375,,134,960,,,0,,,,,0,2060288,38878234753,24741128822,Verify,,65,32,,72,,0.0,1762751331,0.0
AES-GCM-256,1,,1.96484375,1040,146,960,,,0,,0.002926,,,2,2060288,38878234753,24741128822,BulkEncrypt,,,,,,101.5625,500000.0,1762751331,
AES-GCM-256,1,,1.96484375,1040,158,960,,0.0020940000000000004,0,,,,,2,2060288,38878234753,24741128822,BulkDecrypt,,,,,,101.5625,500000.0,1762751331,
Kyber512,1,,1.94921875,,0,731,,,0,,,,0.004,4,2043904,38878234753,24741128822,Keygen,,800,1632,,0,,250000.0,1762751331,
Kyber512,1,,1.94921875,,0,760,,,0,,,,0.0,0,2043904,38878234753,24741128822,Keygen,,800,1632,,0,,0.0,1762751331,
Kyber512,1,,1.94921875,,0,772,,,0,0.0,,,,0,2043904,38878234753,24741128822,Encapsulate,,800,1632,,0,,0.0,1762751331,
Kyber512,1,,1.94921875,,0,782,,,0,0.0,,,,0,2043904,38878234753,24741128822,Encapsulate,,800,1632,,0,,0.0,1762751331,
Kyber512,1,,1.94921875,,0,791,0.0,,0,,,,,0,2043904,38878234753,24741128822,Decapsulate,,800,1632,,0,,0.0,1762751331,
Kyber768,1,,1.94921875,,0,802,,,0,,,,0.001,1,2043904,38878234753,24741128822,Keygen,,1184,2400,,0,,1000000.0,1762751331,
Kyber768,1,,1.94921875,,0,813,,,0,,,,0.001,1,2043904,38878234753,24741128822,Keygen,,1184,2400,,0,,1000000.0,1762751331,
Kyber768,1,,1.94921875,,0,823,,,0,0.0,,,,0,2043904,38878234753,24741128822,Encapsulate,,1184,2400,,0,,0.0,1762751331,
Kyber768,1,,1.94921875,,0,831,,,0,0.0,,,,0,2043904,38878234753,24741128822,Encapsulate,,1184,2400,,0,,0.0,1762751331,
Kyber768,1,,1.94921875,,0,840,0.0,,0,,,,,0,2043904,38878234753,24741128822,Decapsulate,,1184,2400,,0,,0.0,1762751331,
RSA-2048,1,,1.94921875,,0,850,,,0,,,,0.0,0,2043904,38878234753,24741128822,Keygen,,294,1192,,256,,0.0,1762751331,
RSA-2048,1,,1.94921875,,0,860,,,0,,,,0.0,0,2043904,38878234753,24741128822,Keygen,,294,1192,,256,,0.0,1762751331,
RSA-2048,1,,1.94921875,,0,869,,,0,0.0,,,,0,2043904,38878234753,24741128822,Encapsulate,,294,1192,,256,,0.0,1762751331,
ECDHE-P256,1,,1.94921875,,0,881,,,0,,,,0.0,0,2043904,38878234753,24741128822,Keygen,,65,32,,0,,0.0,1762751331,
ECDHE-P256,1,,1.94921875,,0,890,,,0,,,,0.0,0,2043904,38878234753,24741128822,Keygen,,65,32,,0,,0.0,1762751331,
ECDHE-P256,1,,1.94921875,,0,899,,,0,0.0,,,,0,2043904,38878234753,24741128822,Encapsulate,,65,32,,0,,0.0,1762751331,
Dilithium2,1,,1.94921875,,0,912,,,0,,,,0.002,2,2043904,38878234753,24741128822,Keygen,,1312,2528,,2420,,500000.0,1762751331,
Dilithium2,1,,1.94921875,,0,921,,,0,,,,,0,2043904,38878234753,24741128822,Sign,,1312,2528,0.0,2420,,0.0,1762751331,
Dilithium2,1,,1.94921875,,0,930,,,0,,,,,0,2043904,38878234753,24741128822,Verify,,1312,2528,,2420,,0.0,1762751331,0.0
Dilithium3,1,,1.94921875,,0,942,,,0,,,,0.002,2,2043904,38878234753,24741128822,Keygen,,1952,4000,,3293,,500000.0,1762751331,
Dilithium3,1,,1.94921875,,0,951,,,0,,,,,0,2043904,38878234753,24741128822,Sign,,1952,4000,0.0,3293,,0.0,1762751331,
Dilithium3,1,,1.94921875,,0,960,,,0,,,,,0,2043904,38878234753,24741128822,Verify,,1952,4000,,3293,,0.0,1762751331,0.0
ECDSA-P256,1,,1.94921875,,0,969,,,0,,,,0.0,0,2043904,38878234753,24741128822,Keygen,,65,32,,72,,0.0,1762751331,
ECDSA-P256,1,,1.94921875,,0,979,,,0,,,,,0,2043904,38878234753,24741128822,Sign,,65,32,0.0,72,,0.0,1762751331,
ECDSA-P256,1,,1.94921875,,0,988,,,0,,,,,0,2043904,38878234753,24741128822,Verify,,65,32,,72,,0.0,1762751331,0.0
AES-GCM-256,1,,1.94921875,1040,0,1000,,,0,,0.0026850000000000003,,,2,2043904,38878234753,24741128822,BulkEncrypt,,,,,,101.5625,500000.0,1762751331,
AES-GCM-256,1,,1.94921875,1040,0,1011,,0.002084,0,,,,,2,2043904,38878234753,24741128822,BulkDecrypt,,,,,,101.5625,500000.0,1762751331,
Kyber512,1,,2.1796875,,0,613,,,0,,,,0.003,3,2285568,38878234753,24741128822,Keygen,,800,1632,,0,,333333.3333333333,1762751331,
Kyber512,1,,2.1796875,,0,641,,,0,,,,0.0,0,2285568,38878234753,24741128822,Keygen,,800,1632,,0,,0.0,1762751331,
Kyber512,1,,2.1796875,,0,654,,,0,0.0,,,,0,2285568,38878234753,24741128822,Encapsulate,,800,1632,,0,,0.0,1762751331,
Kyber512,1,,2.1796875,,0,664,,,0,0.0,,,,0,2285568,38878234753,24741128822,Encapsulate,,800,1632,,0,,0.0,1762751331,
Kyber512,1,,2.1796875,,0,674,0.0,,0,,,,,0,2285568,38878234753,24741128822,Decapsulate,,800,1632,,0,,0.0,1762751331,
Kyber768,1,,2.1796875,,0,685,,,0,,,,0.001,1,2285568,38878234753,24741128822,Keygen,,1184,2400,,0,,1000000.0,1762751331,
Kyber768,1,,2.1796875,,0,697,,,0,,,,0.001,1,2285568,38878234753,24741128822,Keygen,,1184,2400,,0,,1000000.0,1762751331,
Kyber768,1,,2.1796875,,0,707,,,0,0.0,,,,0,2285568,38878234753,24741128822,Encapsulate,,1184,2400,,0,,0.0,1762751331,
Kyber768,1,,2.1796875,,0,716,,,0,0.0,,,,0,2285568,38878234753,24741128822,Encapsulate,,1184,2400,,0,,0.0,1762751331,
Kyber768,1,,2.1796875,,0,724,0.0,,0,,,,,0,2285568,38878234753,24741128822,Decapsulate,,1184,2400,,0,,0.0,1762751331,
RSA-2048,1,,2.1796875,,0,734,,,0,,,,0.0,0,2285568,38878234753,24741128822,Keygen,,294,1192,,256,,0.0,1762751331,
RSA-2048,1,,2.1796875,,0,744,,,0,,,,0.0,0,2285568,38878234753,24741128822,Keygen,,294,1192,,256,,0.0,1762751331,
RSA-2048,1,,2.1796875,,0,753,,,0,0.0,,,,0,2285568,38878234753,24741128822,Encapsulate,,294,1192,,256,,0.0,1762751331,
ECDHE-P256,1,,2.1796875,,0,762,,,0,,,,0.0,0,2285568,38878234753,24741128822,Keygen,,65,32,,0,,0.0,1762751331,
ECDHE-P256,1,,2.1796875,,0,772,,,0,,,,0.0,0,2285568,38878234753,24741128822,Keygen,,65,32,,0,,0.0,1762751331,
ECDHE-P256,1,,2.1796875,,0,780,,,0,0.0,,,,0,2285568,38878234753,24741128822,Encapsulate,,65,32,,0,,0.0,1762751331,
Dilithium2,1,,2.1796875,,0,792,,,0,,,,0.002,2,2285568,38878234753,24741128822,Keygen,,1312,2528,,2420,,500000.0,1762751331,
Dilithium2,1,,2.1796875,,0,801,,,0,,,,,0,2285568,38878234753,24741128822,Sign,,1312,2528,0.0,2420,,0.0,1762751331,
Dilithium2,1,,2.1796875,,11,801,,,0,,,,,0,2285568,38878234753,24741128822,Verify,,1312,2528,,2420,,0.0,1762751331,0.0
Dilithium3,1,,2.1796875,,23,801,,,0,,,,0.002,2,2285568,38878234753,24741128822,Keygen,,1952,4000,,3293,,500000.0,1762751331,
Dilithium3,1,,2.1796875,,32,801,,,0,,,,,0,2285568,38878234753,24741128822,Sign,,1952,4000,0.0,3293,,0.0,1762751331,
Dilithium3,1,,2.1796875,,41,801,,,0,,,,,0,2285568,38878234753,24741128822,Verify,,1952,4000,,3293,,0.0,1762751331,0.0
ECDSA-P256,1,,2.1796875,,51,801,,,0,,,,0.0,0,2285568,38878234753,24741128822,Keygen,,65,32,,72,,0.0,1762751331,
ECDSA-P256,1,,2.1796875,,59,801,,,0,,,,,0,2285568,38878234753,24741128822,Sign,,65,32,0.0,72,,0.0,1762751331,
ECDSA-P256,1,,2.1796875,,68,801,,,0,,,,,0,2285568,38878234753,24741128822,Verify,,65,32,,72,,0.0,1762751331,0.0
AES-GCM-256,1,,2.1796875,1040,80,801,,,0,,0.002464,,,2,2285568,38878234753,24741128822,BulkEncrypt,,,,,,101.5625,500000.0,1762751331,
AES-GCM-256,1,,2.1796875,1040,92,801,,0.002144,0,,,,,2,2285568,38878234753,24741128822,BulkDecrypt,,,,,,101.5625,500000.0,1762751331,
Kyber512,1,,2.16796875,,0,636,,,0,,,,0.005,5,2273280,38878234753,24741128822,Keygen,,800,1632,,0,,200000.0,1762751331,
Kyber512,1,,2.16796875,,0,664,,,0,,,,0.0,0,2273280,38878234753,24741128822,Keygen,,800,1632,,0,,0.0,1762751331,
Kyber512,1,,2.16796875,,0,677,,,0,0.0,,,,0,2273280,38878234753,24741128822,Encapsulate,,800,1632,,0,,0.0,1762751331,
Kyber512,1,,2.16796875,,0,687,,,0,0.0,,,,0,2273280,38878234753,24741128822,Encapsulate,,800,1632,,0,,0.0,1762751331,
Kyber512,1,,2.16796875,,0,695,0.0,,0,,,,,0,2273280,38878234753,24741128822,Decapsulate,,800,1632,,0,,0.0,1762751331,
Kyber768,1,,2.16796875,,0,706,,,0,,,,0.001,1,2273280,38878234753,24741128822,Keygen,,1184,2400,,0,,1000000.0,1762751331,
Kyber768,1,,2.16796875,,0,717,,,0,,,,0.001,1,2273280,38878234753,24741128822,Keygen,,1184,2400,,0,,1000000.0,1762751331,
Kyber768,1,,2.16796875,,0,727,,,0,0.0,,,,0,2273280,38878234753,24741128822,Encapsulate,,1184,2400,,0,,0.0,1762751331,
Kyber768,1,,2.16796875,,0,736,,,0,0.0,,,,0,2273280,38878234753,24741128822,Encapsulate,,1184,2400,,0,,0.0,1762751331,
Kyber768,1,,2.16796875,,0,744,0.0,,0,,,,,0,2273280,38878234753,24741128822,Decapsulate,,1184,2400,,0,,0.0,1762751331,
RSA-2048,1,,2.16796875,,0,753,,,0,,,,0.0,0,2273280,38878234753,24741128822,Keygen,,294,1192,,256,,0.0,1762751331,
RSA-2048,1,,2.16796875,,0,764,,,0,,,,0.0,0,2273280,38878234753,24741128822,Keygen,,294,1192,,256,,0.0,1762751331,
RSA-2048,1,,2.16796875,,0,773,,,0,0.0,,,,0,2273280,38878234753,24741128822,Encapsulate,,294,1192,,256,,0.0,1762751331,
ECDHE-P256,1,,2.16796875,,0,783,,,0,,,,0.0,0,2273280,38878234753,24741128822,Keygen,,65,32,,0,,0.0,1762751331,
ECDHE-P256,1,,2.16796875,,0,793,,,0,,,,0.0,0,2273280,38878234753,24741128822,Keygen,,65,32,,0,,0.0,1762751331,
ECDHE-P256,1,,2.16796875,,0,801,,,0,0.0,,,,0,2273280,38878234753,24741128822,Encapsulate,,65,32,,0,,0.0,1762751331,
Dilithium2,1,,2.16796875,,0,814,,,0,,,,0.003,3,2273280,38878234753,24741128822,Keygen,,1312,2528,,2420,,333333.3333333333,1762751331,
Dilithium2,1,,2.16796875,,0,823,,,0,,,,,0,2273280,38878234753,24741128822,Sign,,1312,2528,0.0,2420,,0.0,1762751331,
Dilithium2,1,,2.16796875,,0,833,,,0,,,,,0,2273280,38878234753,24741128822,Verify,,1312,2528,,2420,,0.0,1762751331,0.0
Dilithium3,1,,2.16796875,,0,844,,,0,,,,0.002,2,2273280,38878234753,24741128822,Keygen,,1952,4000,,3293,,500000.0,1762751331,
Dilithium3,1,,2.16796875,,0,854,,,0,,,,,0,2273280,38878234753,24741128822,Sign,,1952,4000,0.0,3293,,0.0,1762751331,
Dilithium3,1,,2.16796875,,0,862,,,0,,,,,0,2273280,38878234753,24741128822,Verify,,1952,4000,,3293,,0.0,1762751331,0.0
ECDSA-P256,1,,2.16796875,,0,871,,,0,,,,0.0,0,2273280,38878234753,24741128822,Keygen,,65,32,,72,,0.0,1762751331,
ECDSA-P256,1,,2.16796875,,0,880,,,0,,,,,0,2273280,38878234753,24741128822,Sign,,65,32,0.0,72,,0.0,1762751331,
ECDSA-P256,1,,2.16796875,,0,889,,,0,,,,,0,2273280,38878234753,24741128822,Verify,,65,32,,72,,0.0,1762751331,0.0
AES-GCM-256,1,,2.16796875,1040,0,900,,,0,,0.0024549999999999997,,,2,2273280,38878234753,24741128822,BulkEncrypt,,,,,,101.5625,500000.0,1762751331,
AES-GCM-256,1,,2.16796875,1040,0,912,,0.0020540000000000003,0,,,,,2,2273280,38878234753,24741128822,BulkDecrypt,,,,,,101.5625,500000.0,1762751331,
Kyber512,1,,1.96484375,,991,0,,,0,,,,0.008,8,2060288,38878234753,24741128822,Keygen,,800,1632,,0,,125000.0,1762751331,
Kyber512,1,,1.96484375,,1041,0,,,0,,,,0.001,1,2060288,38878234753,24741128822,Keygen,,800,1632,,0,,1000000.0,1762751331,
Kyber512,1,,1.96484375,,1058,0,,,0,0.0,,,,0,2060288,38878234753,24741128822,Encapsulate,,800,1632,,0,,0.0,1762751331,
Kyber512,1,,1.96484375,,1071,0,,,0,0.0,,,,0,2060288,38878234753,24741128822,Encapsulate,,800,1632,,0,,0.0,1762751331,
Kyber512,1,,1.96484375,,1084,0,0.0,,0,,,,,0,2060288,38878234753,24741128822,Decapsulate,,800,1632,,0,,0.0,1762751331,
Kyber768,1,,1.96484375,,1098,0,,,0,,,,0.002,2,2060288,38878234753,24741128822,Keygen,,1184,2400,,0,,500000.0,1762751331,
Kyber768,1,,1.96484375,,1113,0,,,0,,,,0.001,1,2060288,38878234753,24741128822,Keygen,,1184,2400,,0,,1000000.0,1762751331,
Kyber768,1,,1.96484375,,1127,0,,,0,0.0,,,,0,2060288,38878234753,24741128822,Encapsulate,,1184,2400,,0,,0.0,1762751331,
Kyber768,1,,1.96484375,,1138,0,,,0,0.0,,,,0,2060288,38878234753,24741128822,Encapsulate,,1184,2400,,0,,0.0,1762751331,
Kyber768,1,,1.96484375,,1149,0,0.0,,0,,,,,0,2060288,38878234753,24741128822,Decapsulate,,1184,2400,,0,,0.0,1762751331,
RSA-2048,1,,1.96484375,,1163,0,,,0,,,,0.001,1,2060288,38878234753,24741128822,Keygen,,294,1192,,256,,1000000.0,1762751331,
RSA-2048,1,,1.96484375,,1177,0,,,0,,,,0.0,0,2060288,38878234753,24741128822,Keygen,,294,1192,,256,,0.0,1762751331,
RSA-2048,1,,1.96484375,,1189,0,,,0,0.0,,,,0,2060288,38878234753,24741128822,Encapsulate,,294,1192,,256,,0.0,1762751331,
ECDHE-P256,1,,1.96484375,,1202,0,,,0,,,,0.0,0,2060288,38878234753,24741128822,Keygen,,65,32,,0,,0.0,1762751331,
ECDHE-P256,1,,1.96484375,,1215,0,,,0,,,,0.0,0,2060288,38878234753,24741128822,Keygen,,65,32,,0,,0.0,1762751331,
ECDHE-P256,1,,1.96484375,,1228,0,,,0,0.0,,,,0,2060288,38878234753,24741128822,Encapsulate,,65,32,,0,,0.0,1762751331,
Dilithium2,1,,1.96484375,,1243,0,,,0,,,,0.002,2,2060288,38878234753,24741128822,Keygen,,1312,2528,,2420,,500000.0,1762751331,
Dilithium2,1,,1.96484375,,1256,0,,,0,,,,,0,2060288,38878234753,24741128822,Sign,,1312,2528,0.0,2420,,0.0,1762751331,
Dilithium2,1,,1.96484375,,1269,0,,,0,,,,,0,2060288,38878234753,24741128822,Verify,,1312,2528,,2420,,0.0,1762751331,0.0
Dilithium3,1,,1.96484375,,1285,0,,,0,,,,0.003,3,2060288,38878234753,24741128822,Keygen,,1952,4000,,3293,,333333.3333333333,1762751331,
Dilithium3,1,,1.96484375,,1297,0,,,0,,,,,0,2060288,38878234753,24741128822,Sign,,1952,4000,0.0,3293,,0.0,1762751331,
Dilithium3,1,,1.96484375,,1309,0,,,0,,,,,0,2060288,38878234753,24741128822,Verify,,1952,4000,,3293,,0.0,1762751331,0.0
ECDSA-P256,1,,1.96484375,,1321,0,,,0,,,,0.0,0,2060288,38878234753,24741128822,Keygen,,65,32,,72,,0.0,1762751331,
ECDSA-P256,1,,1.96484375,,1333,0,,,0,,,,,0,2060288,38878234753,24741128822,Sign,,65,32,0.0,72,,0.0,1762751331,
ECDSA-P256,1,,1.96484375,,1345,0,,,0,,,,,0,2060288,38878234753,24741128822,Verify,,65,32,,72,,0.0,1762751331,0.0
AES-GCM-256,1,,1.96484375,1040,1361,0,,,0,,0.004989,,,4,2060288,38878234753,24741128822,BulkEncrypt,,,,,,101.5625,250000.0,1762751331,
AES-GCM-256,1,,1.96484375,1040,1377,0,,0.002765,0,,,,,2,2060288,38878234753,24741128822,BulkDecrypt,,,,,,101.5625,500000.0,1762751331,
Kyber512,1,,2.19140625,,659,0,,,0,,,,0.005,5,2297856,38878234753,24741128822,Keygen,,800,1632,,0,,200000.0,1762751331,
Kyber512,1,,2.19140625,,686,0,,,0,,,,0.0,0,2297856,38878234753,24741128822,Keygen,,800,1632,,0,,0.0,1762751331,
Kyber512,1,,2.19140625,,698,0,,,0,0.0,,,,0,2297856,38878234753,24741128822,Encapsulate,,800,1632,,0,,0.0,1762751331,
Kyber512,1,,2.19140625,,707,0,,,0,0.0,,,,0,2297856,38878234753,24741128822,Encapsulate,,800,1632,,0,,0.0,1762751331,
Kyber512,1,,2.19140625,,716,0,0.0,,0,,,,,0,2297856,38878234753,24741128822,Decapsulate,,800,1632,,0,,0.0,1762751331,
Kyber768,1,,2.19140625,,727,0,,,0,,,,0.001,1,2297856,38878234753,24741128822,Keygen,,1184,2400,,0,,1000000.0,1762751331,
Kyber768,1,,2.19140625,,738,0,,,0,,,,0.001,1,2297856,38878234753,24741128822,Keygen,,1184,2400,,0,,1000000.0,1762751331,
Kyber768,1,,2.19140625,,747,0,,,0,0.0,,,,0,2297856,38878234753,24741128822,Encapsulate,,1184,2400,,0,,0.0,1762751331,
Kyber768,1,,2.19140625,,756,0,,,0,0.0,,,,0,2297856,38878234753,24741128822,Encapsulate,,1184,2400,,0,,0.0,1762751331,
Kyber768,1,,2.19140625,,764,0,0.0,,0,,,,,0,2297856,38878234753,24741128822,Decapsulate,,1184,2400,,0,,0.0,1762751331,
RSA-2048,1,,2.19140625,,774,0,,,0,,,,0.0,0,2297856,38878234753,24741128822,Keygen,,294,1192,,256,,0.0,1762751331,
RSA-2048,1,,2.19140625,,784,0,,,0,,,,0.0,0,2297856,38878234753,24741128822,Keygen,,294,1192,,256,,0.0,1762751331,
RSA-2048,1,,2.19140625,,793,0,,,0,0.0,,,,0,2297856,38878234753,24741128822,Encapsulate,,294,1192,,256,,0.0,1762751331,
ECDHE-P256,1,,2.19140625,,802,0,,,0,,,,0.0,0,2297856,38878234753,24741128822,Keygen,,65,32,,0,,0.0,1762751331,
ECDHE-P256,1,,2.19140625,,811,0,,,0,,,,0.0,0,2297856,38878234753,24741128822,Keygen,,65,32,,0,,0.0,1762751331,
ECDHE-P256,1,,2.19140625,,821,0,,,0,0.0,,,,0,2297856,38878234753,24741128822,Encapsulate,,65,32,,0,,0.0,1762751331,
Dilithium2,1,,2.19140625,,832,0,,,0,,,,0.002,2,2297856,38878234753,24741128822,Keygen,,1312,2528,,2420,,500000.0,1762751331,
Dilithium2,1,,2.19140625,,842,0,,,0,,,,,0,2297856,38878234753,24741128822,Sign,,1312,2528,0.0,2420,,0.0,1762751331,
Dilithium2,1,,2.19140625,,852,0,,,0,,,,,0,2297856,38878234753,24741128822,Verify,,1312,2528,,2420,,0.0,1762751331,0.0
Dilithium3,1,,2.19140625,,865,0,,,0,,,,0.002,2,2297856,38878234753,24741128822,Keygen,,1952,4000,,3293,,500000.0,1762751331,
Dilithium3,1,,2.19140625,,874,0,,,0,,,,,0,2297856,38878234753,24741128822,Sign,,1952,4000,0.0,3293,,0.0,1762751331,
Dilithium3,1,,2.19140625,,884,0,,,0,,,,,0,2297856,38878234753,24741128822,Verify,,1952,4000,,3293,,0.0,1762751331,0.0
ECDSA-P256,1,,2.19140625,,893,0,,,0,,,,0.0,0,2297856,38878234753,24741128822,Keygen,,65,32,,72,,0.0,1762751331,
ECDSA-P256,1,,2.19140625,,901,0,,,0,,,,,0,2297856,38878234753,24741128822,Sign,,65,32,0.0,72,,0.0,1762751331,
ECDSA-P256,1,,2.19140625,,910,0,,,0,,,,,0,2297856,38878234753,24741128822,Verify,,65,32,,72,,0.0,1762751331,0.0
AES-GCM-256,1,,2.19140625,1040,922,0,,,0,,0.002424,,,2,2297856,38878234753,24741128822,BulkEncrypt,,,,,,101.5625,500000.0,1762751331,
AES-GCM-256,1,,2.19140625,1040,933,0,,0.002084,0,,,,,2,2297856,38878234753,24741128822,BulkDecrypt,,,,,,101.5625,500000.0,1762751331,
Kyber512,1,,2.1328125,,1188,0,,,0,,,,0.008,8,2236416,38878234753,24741128822,Keygen,,800,1632,,0,,125000.0,1762751331,
Kyber512,1,,2.1328125,,1238,0,,,0,,,,0.001,1,2236416,38878234753,24741128822,Keygen,,800,1632,,0,,1000000.0,1762751331,
Kyber512,1,,2.1328125,,1259,0,,,0,0.0,,,,0,2236416,38878234753,24741128822,Encapsulate,,800,1632,,0,,0.0,1762751331,
Kyber512,1,,2.1328125,,1276,0,,,0,0.0,,,,0,2236416,38878234753,24741128822,Encapsulate,,800,1632,,0,,0.0,1762751331,
Kyber512,1,,2.1328125,,1291,0,0.0,,0,,,,,0,2236416,38878234753,24741128822,Decapsulate,,800,1632,,0,,0.0,1762751331,
Kyber768,1,,2.1328125,,1291,19,,,0,,,,0.009,9,2236416,38878234753,24741128822,Keygen,,1184,2400,,0,,111111.11111111111,1762751331,
Kyber768,1,,2.1328125,,1291,39,,,0,,,,0.002,2,2236416,38878234753,24741128822,Keygen,,1184,2400,,0,,500000.0,1762751331,
Kyber768,1,,2.1328125,,1291,70,,,0,0.0,,,,0,2236416,38878234753,24741128822,Encapsulate,,1184,2400,,0,,0.0,1762751331,
Kyber768,1,,2.1328125,,1291,83,,,0,0.0,,,,0,2236416,38878234753,24741128822,Encapsulate,,1184,2400,,0,,0.0,1762751331,
Kyber768,1,,2.1328125,,1291,91,0.0,,0,,,,,0,2236416,38878234753,24741128822,Decapsulate,,1184,2400,,0,,0.0,1762751331,
RSA-2048,1,,2.1328125,,1291,102,,,0,,,,0.001,1,2236416,38878234753,24741128822,Keygen,,294,1192,,256,,1000000.0,1762751331,
RSA-2048,1,,2.1328125,,1291,112,,,0,,,,0.0,0,2236416,38878234753,24741128822,Keygen,,294,1192,,256,,0.0,1762751331,
RSA-2048,1,,2.1328125,,1291,121,,,0,0.0,,,,0,2236416,38878234753,24741128822,Encapsulate,,294,1192,,256,,0.0,1762751331,
ECDHE-P256,1,,2.1328125,,1291,131,,,0,,,,0.0,0,2236416,38878234753,24741128822,Keygen,,65,32,,0,,0.0,1762751331,
ECDHE-P256,1,,2.1328125,,1291,140,,,0,,,,0.0,0,2236416,38878234753,24741128822,Keygen,,65,32,,0,,0.0,1762751331,
ECDHE-P256,1,,2.1328125,,1291,148,,,0,0.0,,,,0,2236416,38878234753,24741128822,Encapsulate,,65,32,,0,,0.0,1762751331,
Dilithium2,1,,2.1328125,,1291,160,,,0,,,,0.003,3,2236416,38878234753,24741128822,Keygen,,1312,2528,,2420,,333333.3333333333,1762751331,
Dilithium2,1,,2.1328125,,1291,170,,,0,,,,,0,2236416,38878234753,24741128822,Sign,,1312,2528,0.0,2420,,0.0,1762751331,
Dilithium2,1,,2.1328125,,1291,179,,,0,,,,,0,2236416,38878234753,24741128822,Verify,,1312,2528,,2420,,0.0,1762751331,0.0
Dilithium3,1,,2.1328125,,1291,190,,,0,,,,0.002,2,2236416,38878234753,24741128822,Keygen,,1952,4000,,3293,,500000.0,1762751331,
Dilithium3,1,,2.1328125,,1291,199,,,0,,,,,0,2236416,38878234753,24741128822,Sign,,1952,4000,0.0,3293,,0.0,1762751331,
Dilithium3,1,,2.1328125,,1291,208,,,0,,,,,0,2236416,38878234753,24741128822,Verify,,1952,4000,,3293,,0.0,1762751331,0.0
ECDSA-P256,1,,2.1328125,,1291,217,,,0,,,,0.0,0,2236416,38878234753,24741128822,Keygen,,65,32,,72,,0.0,1762751331,
ECDSA-P256,1,,2.1328125,,1291,226,,,0,,,,,0,2236416,38878234753,24741128822,Sign,,65,32,0.0,72,,0.0,1762751331,
ECDSA-P256,1,,2.1328125,,1291,235,,,0,,,,,0,2236416,38878234753,24741128822,Verify,,65,32,,72,,0.0,1762751331,0.0
AES-GCM-256,1,,2.1328125,1040,1291,246,,,0,,0.002595,,,2,2236416,38878234753,24741128822,BulkEncrypt,,,,,,101.5625,500000.0,1762751331,
AES-GCM-256,1,,2.1328125,1040,1291,258,,0.002064,0,,,,,2,2236416,38878234753,24741128822,BulkDecrypt,,,,,,101.5625,500000.0,1762751331,
Kyber512,1,,2.1796875,,664,0,,,0,,,,0.004,4,2285568,38878234753,24741128822,Keygen,,800,1632,,0,,250000.0,1762751331,
Kyber512,1,,2.1796875,,691,0,,,0,,,,0.0,0,2285568,38878234753,24741128822,Keygen,,800,1632,,0,,0.0,1762751331,
Kyber512,1,,2.1796875,,703,0,,,0,0.0,,,,0,2285568,38878234753,24741128822,Encapsulate,,800,1632,,0,,0.0,1762751331,
Kyber512,1,,2.1796875,,713,0,,,0,0.0,,,,0,2285568,38878234753,24741128822,Encapsulate,,800,1632,,0,,0.0,1762751331,
Kyber512,1,,2.1796875,,721,0,0.0,,0,,,,,0,2285568,38878234753,24741128822,Decapsulate,,800,1632,,0,,0.0,1762751331,
Kyber768,1,,2.1796875,,731,0,,,0,,,,0.001,1,2285568,38878234753,24741128822,Keygen,,1184,2400,,0,,1000000.0,1762751331,
Kyber768,1,,2.1796875,,742,0,,,0,,,,0.001,1,2285568,38878234753,24741128822,Keygen,,1184,2400,,0,,1000000.0,1762751331,
Kyber768,1,,2.1796875,,752,0,,,0,0.0,,,,0,2285568,38878234753,24741128822,Encapsulate,,1184,2400,,0,,0.0,1762751331,
Kyber768,1,,2.1796875,,760,0,,,0,0.0,,,,0,2285568,38878234753,24741128822,Encapsulate,,1184,2400,,0,,0.0,1762751331,
Kyber768,1,,2.1796875,,769,0,0.0,,0,,,,,0,2285568,38878234753,24741128822,Decapsulate,,1184,2400,,0,,0.0,1762751331,
RSA-2048,1,,2.1796875,,778,0,,,0,,,,0.0,0,2285568,38878234753,24741128822,Keygen,,294,1192,,256,,0.0,1762751331,
RSA-2048,1,,2.1796875,,788,0,,,0,,,,0.0,0,2285568,38878234753,24741128822,Keygen,,294,1192,,256,,0.0,1762751331,
RSA-2048,1,,2.1796875,,796,0,,,0,0.0,,,,0,2285568,38878234753,24741128822,Encapsulate,,294,1192,,256,,0.0,1762751331,
ECDHE-P256,1,,2.1796875,,806,0,,,0,,,,0.0,0,2285568,38878234753,24741128822,Keygen,,65,32,,0,,0.0,1762751331,
ECDHE-P256,1,,2.1796875,,815,0,,,0,,,,0.0,0,2285568,38878234753,24741128822,Keygen,,65,32,,0,,0.0,1762751331,
ECDHE-P256,1,,2.1796875,,824,0,,,0,0.0,,,,0,2285568,38878234753,24741128822,Encapsulate,,65,32,,0,,0.0,1762751331,
Dilithium2,1,,2.1796875,,835,0,,,0,,,,0.002,2,2285568,38878234753,24741128822,Keygen,,1312,2528,,2420,,500000.0,1762751331,
Dilithium2,1,,2.1796875,,845,0,,,0,,,,,0,2285568,38878234753,24741128822,Sign,,1312,2528,0.0,2420,,0.0,1762751331,
Dilithium2,1,,2.1796875,,854,0,,,0,,,,,0,2285568,38878234753,24741128822,Verify,,1312,2528,,2420,,0.0,1762751331,0.0
Dilithium3,1,,2.1796875,,865,0,,,0,,,,0.002,2,2285568,38878234753,24741128822,Keygen,,1952,4000,,3293,,500000.0,1762751331,
Dilithium3,1,,2.1796875,,875,0,,,0,,,,,0,2285568,38878234753,24741128822,Sign,,1952,4000,0.0,3293,,0.0,1762751331,
Dilithium3,1,,2.1796875,,883,0,,,0,,,,,0,2285568,38878234753,24741128822,Verify,,1952,4000,,3293,,0.0,1762751331,0.0
ECDSA-P256,1,,2.1796875,,892,0,,,0,,,,0.0,0,2285568,38878234753,24741128822,Keygen,,65,32,,72,,0.0,1762751331,
ECDSA-P256,1,,2.1796875,,901,0,,,0,,,,,0,2285568,38878234753,24741128822,Sign,,65,32,0.0,72,,0.0,1762751331,
ECDSA-P256,1,,2.1796875,,910,0,,,0,,,,,0,2285568,38878234753,24741128822,Verify,,65,32,,72,,0.0,1762751331,0.0
AES-GCM-256,1,,2.1796875,1040,921,0,,,0,,0.002454,,,2,2285568,38878234753,24741128822,BulkEncrypt,,,,,,101.5625,500000.0,1762751331,
AES-GCM-256,1,,2.1796875,1040,932,0,,0.002074,0,,,,,2,2285568,38878234753,24741128822,BulkDecrypt,,,,,,101.5625,500000.0,1762751331,
Kyber512,1,,1.8984375,,692,0,,,0,,,,0.003,3,1990656,38878234753,24741128822,Keygen,,800,1632,,0,,333333.3333333333,1762751331,
Kyber512,1,,1.8984375,,723,0,,,0,,,,0.0,0,1990656,38878234753,24741128822,Keygen,,800,1632,,0,,0.0,1762751331,
Kyber512,1,,1.8984375,,735,0,,,0,0.0,,,,0,1990656,38878234753,24741128822,Encapsulate,,800,1632,,0,,0.0,1762751331,
Kyber512,1,,1.8984375,,745,0,,,0,0.0,,,,0,1990656,38878234753,24741128822,Encapsulate,,800,1632,,0,,0.0,1762751331,
Kyber512,1,,1.8984375,,754,0,0.0,,0,,,,,0,1990656,38878234753,24741128822,Decapsulate,,800,1632,,0,,0.0,1762751331,
Kyber768,1,,1.8984375,,764,0,,,0,,,,0.001,1,1990656,38878234753,24741128822,Keygen,,1184,2400,,0,,1000000.0,1762751331,
Kyber768,1,,1.8984375,,775,0,,,0,,,,0.001,1,1990656,38878234753,24741128822,Keygen,,1184,2400,,0,,1000000.0,1762751331,
Kyber768,1,,1.8984375,,785,0,,,0,0.0,,,,0,1990656,38878234753,24741128822,Encapsulate,,1184,2400,,0,,0.0,1762751331,
Kyber768,1,,1.8984375,,794,0,,,0,0.0,,,,0,1990656,38878234753,24741128822,Encapsulate,,1184,2400,,0,,0.0,1762751331,
Kyber768,1,,1.8984375,,802,0,0.0,,0,,,,,0,1990656,38878234753,24741128822,Decapsulate,,1184,2400,,0,,0.0,1762751331,
RSA-2048,1,,1.8984375,,812,0,,,0,,,,0.0,0,1990656,38878234753,24741128822,Keygen,,294,1192,,256,,0.0,1762751331,
RSA-2048,1,,1.8984375,,821,0,,,0,,,,0.0,0,1990656,38878234753,24741128822,Keygen,,294,1192,,256,,0.0,1762751331,
RSA-2048,1,,1.8984375,,830,0,,,0,0.0,,,,0,1990656,38878234753,24741128822,Encapsulate,,294,1192,,256,,0.0,1762751331,
ECDHE-P256,1,,1.8984375,,840,0,,,0,,,,0.0,0,1990656,38878234753,24741128822,Keygen,,65,32,,0,,0.0,1762751331,
ECDHE-P256,1,,1.8984375,,850,0,,,0,,,,0.0,0,1990656,38878234753,24741128822,Keygen,,65,32,,0,,0.0,1762751331,
ECDHE-P256,1,,1.8984375,,859,0,,,0,0.0,,,,0,1990656,38878234753,24741128822,Encapsulate,,65,32,,0,,0.0,1762751331,
Dilithium2,1,,1.8984375,,870,0,,,0,,,,0.002,2,1990656,38878234753,24741128822,Keygen,,1312,2528,,2420,,500000.0,1762751331,
Dilithium2,1,,1.8984375,,879,0,,,0,,,,,0,1990656,38878234753,24741128822,Sign,,1312,2528,0.0,2420,,0.0,1762751331,
Dilithium2,1,,1.8984375,,888,0,,,0,,,,,0,1990656,38878234753,24741128822,Verify,,1312,2528,,2420,,0.0,1762751331,0.0
Dilithium3,1,,1.8984375,,900,0,,,0,,,,0.002,2,1990656,38878234753,24741128822,Keygen,,1952,4000,,3293,,500000.0,1762751331,
Dilithium3,1,,1.8984375,,909,0,,,0,,,,,0,1990656,38878234753,24741128822,Sign,,1952,4000,0.0,3293,,0.0,1762751331,
Dilithium3,1,,1.8984375,,917,0,,,0,,,,,0,1990656,38878234753,24741128822,Verify,,1952,4000,,3293,,0.0,1762751331,0.0
ECDSA-P256,1,,1.8984375,,926,0,,,0,,,,0.0,0,1990656,38878234753,24741128822,Keygen,,65,32,,72,,0.0,1762751331,
ECDSA-P256,1,,1.8984375,,935,0,,,0,,,,,0,1990656,38878234753,24741128822,Sign,,65,32,0.0,72,,0.0,1762751331,
ECDSA-P256,1,,1.8984375,,944,0,,,0,,,,,0,1990656,38878234753,24741128822,Verify,,65,32,,72,,0.0,1762751331,0.0
AES-GCM-256,1,,1.8984375,1040,955,0,,,0,,0.002535,,,2,1990656,38878234753,24741128822,BulkEncrypt,,,,,,101.5625,500000.0,1762751331,
AES-GCM-256,1,,1.8984375,1040,966,0,,0.0020540000000000003,0,,,,,2,1990656,38878234753,24741128822,BulkDecrypt,,,,,,101.5625,500000.0,1762751331,
Kyber512,1,,2.1875,,691,0,,,0,,,,0.004,4,2293760,38878234753,24741128822,Keygen,,800,1632,,0,,250000.0,1762751331,
Kyber512,1,,2.1875,,720,0,,,0,,,,0.0,0,2293760,38878234753,24741128822,Keygen,,800,1632,,0,,0.0,1762751331,
Kyber512,1,,2.1875,,732,0,,,0,0.0,,,,0,2293760,38878234753,24741128822,Encapsulate,,800,1632,,0,,0.0,1762751331,
Kyber512,1,,2.1875,,742,0,,,0,0.0,,,,0,2293760,38878234753,24741128822,Encapsulate,,800,1632,,0,,0.0,1762751331,
Kyber512,1,,2.1875,,750,0,0.0,,0,,,,,0,2293760,38878234753,24741128822,Decapsulate,,800,1632,,0,,0.0,1762751331,
Kyber768,1,,2.1875,,761,0,,,0,,,,0.001,1,2293760,38878234753,24741128822,Keygen,,1184,2400,,0,,1000000.0,1762751331,
Kyber768,1,,2.1875,,772,0,,,0,,,,0.001,1,2293760,38878234753,24741128822,Keygen,,1184,2400,,0,,1000000.0,1762751331,
Kyber768,1,,2.1875,,782,0,,,0,0.0,,,,0,2293760,38878234753,24741128822,Encapsulate,,1184,2400,,0,,0.0,1762751331,
Kyber768,1,,2.1875,,791,0,,,0,0.0,,,,0,2293760,38878234753,24741128822,Encapsulate,,1184,2400,,0,,0.0,1762751331,
Kyber768,1,,2.1875,,799,0,0.0,,0,,,,,0,2293760,38878234753,24741128822,Decapsulate,,1184,2400,,0,,0.0,1762751331,
RSA-2048,1,,2.1875,,808,0,,,0,,,,0.0,0,2293760,38878234753,24741128822,Keygen,,294,1192,,256,,0.0,1762751331,
RSA-2048,1,,2.1875,,818,0,,,0,,,,0.0,0,2293760,38878234753,24741128822,Keygen,,294,1192,,256,,0.0,1762751331,
RSA-2048,1,,2.1875,,827,0,,,0,0.0,,,,0,2293760,38878234753,24741128822,Encapsulate,,294,1192,,256,,0.0,1762751331,
ECDHE-P256,1,,2.1875,,837,0,,,0,,,,0.0,0,2293760,38878234753,24741128822,Keygen,,65,32,,0,,0.0,1762751331,
ECDHE-P256,1,,2.1875,,847,0,,,0,,,,0.0,0,2293760,38878234753,24741128822,Keygen,,65,32,,0,,0.0,1762751331,
ECDHE-P256,1,,2.1875,,856,0,,,0,0.0,,,,0,2293760,38878234753,24741128822,Encapsulate,,65,32,,0,,0.0,1762751331,
Dilithium2,1,,2.1875,,867,0,,,0,,,,0.002,2,2293760,38878234753,24741128822,Keygen,,1312,2528,,2420,,500000.0,1762751331,
Dilithium2,1,,2.1875,,877,0,,,0,,,,,0,2293760,38878234753,24741128822,Sign,,1312,2528,0.0,2420,,0.0,1762751331,
Dilithium2,1,,2.1875,,886,0,,,0,,,,,0,2293760,38878234753,24741128822,Verify,,1312,2528,,2420,,0.0,1762751331,0.0
Dilithium3,1,,2.1875,,898,0,,,0,,,,0.002,2,2293760,38878234753,24741128822,Keygen,,1952,4000,,3293,,500000.0,1762751331,
Dilithium3,1,,2.1875,,907,0,,,0,,,,,0,2293760,38878234753,24741128822,Sign,,1952,4000,0.0,3293,,0.0,1762751331,
Dilithium3,1,,2.1875,,915,0,,,0,,,,,0,2293760,38878234753,24741128822,Verify,,1952,4000,,3293,,0.0,1762751331,0.0
ECDSA-P256,1,,2.1875,,924,0,,,0,,,,0.0,0,2293760,38878234753,24741128822,Keygen,,65,32,,72,,0.0,1762751331,
ECDSA-P256,1,,2.1875,,933,0,,,0,,,,,0,2293760,38878234753,24741128822,Sign,,65,32,0.0,72,,0.0,1762751331,
ECDSA-P256,1,,2.1875,,942,0,,,0,,,,,0,2293760,38878234753,24741128822,Verify,,65,32,,72,,0.0,1762751331,0.0
AES-GCM-256,1,,2.1875,1040,953,0,,,0,,0.002645,,,2,2293760,38878234753,24741128822,BulkEncrypt,,,,,,101.5625,500000.0,1762751331,
AES-GCM-256,1,,2.1875,1040,965,0,,0.0020540000000000003,0,,,,,2,2293760,38878234753,24741128822,BulkDecrypt,,,,,,101.5625,500000.0,1762751331,
Kyber512,1,,1.9296875,,0,949,,,0,,,,0.005,5,2023424,38878234753,24741128822,Keygen,,800,1632,,0,,200000.0,1762751331,
Kyber512,1,,1.9296875,,0,988,,,0,,,,0.001,1,2023424,38878234753,24741128822,Keygen,,800,1632,,0,,1000000.0,1762751331,
Kyber512,1,,1.9296875,,0,1005,,,0,0.0,,,,0,2023424,38878234753,24741128822,Encapsulate,,800,1632,,0,,0.0,1762751331,
Kyber512,1,,1.9296875,,0,1019,,,0,0.0,,,,0,2023424,38878234753,24741128822,Encapsulate,,800,1632,,0,,0.0,1762751331,
Kyber512,1,,1.9296875,,0,1031,0.0,,0,,,,,0,2023424,38878234753,24741128822,Decapsulate,,800,1632,,0,,0.0,1762751331,
Kyber768,1,,1.9296875,,0,1048,,,0,,,,0.002,2,2023424,38878234753,24741128822,Keygen,,1184,2400,,0,,500000.0,1762751331,
Kyber768,1,,1.9296875,,0,1062,,,0,,,,0.001,1,2023424,38878234753,24741128822,Keygen,,1184,2400,,0,,1000000.0,1762751331,
Kyber768,1,,1.9296875,,0,1076,,,0,0.0,,,,0,2023424,38878234753,24741128822,Encapsulate,,1184,2400,,0,,0.0,1762751331,
Kyber768,1,,1.9296875,,0,1087,,,0,0.0,,,,0,2023424,38878234753,24741128822,Encapsulate,,1184,2400,,0,,0.0,1762751331,
Kyber768,1,,1.9296875,,0,1099,0.0,,0,,,,,0,2023424,38878234753,24741128822,Decapsulate,,1184,2400,,0,,0.0,1762751331,
RSA-2048,1,,1.9296875,,0,1112,,,0,,,,0.001,1,2023424,38878234753,24741128822,Keygen,,294,1192,,256,,1000000.0,1762751331,
RSA-2048,1,,1.9296875,,0,1126,,,0,,,,0.0,0,2023424,38878234753,24741128822,Keygen,,294,1192,,256,,0.0,1762751331,
RSA-2048,1,,1.9296875,,0,1137,,,0,0.0,,,,0,2023424,38878234753,24741128822,Encapsulate,,294,1192,,256,,0.0,1762751331,
ECDHE-P256,1,,1.9296875,,0,1150,,,0,,,,0.0,0,2023424,38878234753,24741128822,Keygen,,65,32,,0,,0.0,1762751331,
ECDHE-P256,1,,1.9296875,,0,1163,,,0,,,,0.0,0,2023424,38878234753,24741128822,Keygen,,65,32,,0,,0.0,1762751331,
ECDHE-P256,1,,1.9296875,,0,1175,,,0,0.0,,,,0,2023424,38878234753,24741128822,Encapsulate,,65,32,,0,,0.0,1762751331,
Dilithium2,1,,1.9296875,,0,1190,,,0,,,,0.002,2,2023424,38878234753,24741128822,Keygen,,1312,2528,,2420,,500000.0,1762751331,
Dilithium2,1,,1.9296875,,0,1202,,,0,,,,,0,2023424,38878234753,24741128822,Sign,,1312,2528,0.0,2420,,0.0,1762751331,
Dilithium2,1,,1.9296875,,0,1215,,,0,,,,,0,2023424,38878234753,24741128822,Verify,,1312,2528,,2420,,0.0,1762751331,0.0
Dilithium3,1,,1.9296875,,0,1231,,,0,,,,0.003,3,2023424,38878234753,24741128822,Keygen,,1952,4000,,3293,,333333.3333333333,1762751331,
Dilithium3,1,,1.9296875,,0,1244,,,0,,,,,0,2023424,38878234753,24741128822,Sign,,1952,4000,0.0,3293,,0.0,1762751331,
Dilithium3,1,,1.9296875,,0,1256,,,0,,,,,0,2023424,38878234753,24741128822,Verify,,1952,4000,,3293,,0.0,1762751331,0.0
ECDSA-P256,1,,1.9296875,,0,1267,,,0,,,,0.0,0,2023424,38878234753,24741128822,Keygen,,65,32,,72,,0.0,1762751331,
ECDSA-P256,1,,1.9296875,,0,1280,,,0,,,,,0,2023424,38878234753,24741128822,Sign,,65,32,0.0,72,,0.0,1762751331,
ECDSA-P256,1,,1.9296875,,0,1292,,,0,,,,,0,2023424,38878234753,24741128822,Verify,,65,32,,72,,0.0,1762751331,0.0
AES-GCM-256,1,,1.9296875,1040,0,1308,,,0,,0.003907,,,3,2023424,38878234753,24741128822,BulkEncrypt,,,,,,101.5625,333333.3333333333,1762751331,
AES-GCM-256,1,,1.9296875,1040,0,1326,,0.002845,0,,,,,2,2023424,38878234753,24741128822,BulkDecrypt,,,,,,101.5625,500000.0,1762751331,
Kyber512,1,,1.9140625,,0,1016,,,0,,,,0.008,8,2007040,38878234753,24741128822,Keygen,,800,1632,,0,,125000.0,1762751331,
Kyber512,1,,1.9140625,,0,1057,,,0,,,,0.0,0,2007040,38878234753,24741128822,Keygen,,800,1632,,0,,0.0,1762751331,
Kyber512,1,,1.9140625,,0,1068,,,0,0.0,,,,0,2007040,38878234753,24741128822,Encapsulate,,800,1632,,0,,0.0,1762751331,
Kyber512,1,,1.9140625,,0,1078,,,0,0.0,,,,0,2007040,38878234753,24741128822,Encapsulate,,800,1632,,0,,0.0,1762751331,
Kyber512,1,,1.9140625,,0,1087,0.0,,0,,,,,0,2007040,38878234753,24741128822,Decapsulate,,800,1632,,0,,0.0,1762751331,
Kyber768,1,,1.9140625,,0,1098,,,0,,,,0.001,1,2007040,38878234753,24741128822,Keygen,,1184,2400,,0,,1000000.0,1762751331,
Kyber768,1,,1.9140625,,0,1110,,,0,,,,0.001,1,2007040,38878234753,24741128822,Keygen,,1184,2400,,0,,1000000.0,1762751331,
Kyber768,1,,1.9140625,,0,1120,,,0,0.0,,,,0,2007040,38878234753,24741128822,Encapsulate,,1184,2400,,0,,0.0,1762751331,
Kyber768,1,,1.9140625,,0,1128,,,0,0.0,,,,0,2007040,38878234753,24741128822,Encapsulate,,1184,2400,,0,,0.0,1762751331,
Kyber768,1,,1.9140625,,0,1137,0.0,,0,,,,,0,2007040,38878234753,24741128822,Decapsulate,,1184,2400,,0,,0.0,1762751331,
RSA-2048,1,,1.9140625,,0,1146,,,0,,,,0.0,0,2007040,38878234753,24741128822,Keygen,,294,1192,,256,,0.0,1762751331,
RSA-2048,1,,1.9140625,,0,1156,,,0,,,,0.0,0,2007040,38878234753,24741128822,Keygen,,294,1192,,256,,0.0,1762751331,
RSA-2048,1,,1.9140625,,0,1165,,,0,0.0,,,,0,2007040,38878234753,24741128822,Encapsulate,,294,1192,,256,,0.0,1762751331,
ECDHE-P256,1,,1.9140625,,0,1175,,,0,,,,0.0,0,2007040,38878234753,24741128822,Keygen,,65,32,,0,,0.0,1762751331,
ECDHE-P256,1,,1.9140625,,0,1184,,,0,,,,0.0,0,2007040,38878234753,24741128822,Keygen,,65,32,,0,,0.0,1762751331,
ECDHE-P256,1,,1.9140625,,0,1193,,,0,0.0,,,,0,2007040,38878234753,24741128822,Encapsulate,,65,32,,0,,0.0,1762751331,
Dilithium2,1,,1.9140625,,0,1204,,,0,,,,0.002,2,2007040,38878234753,24741128822,Keygen,,1312,2528,,2420,,500000.0,1762751331,
Dilithium2,1,,1.9140625,,0,1214,,,0,,,,,0,2007040,38878234753,24741128822,Sign,,1312,2528,0.0,2420,,0.0,1762751331,
Dilithium2,1,,1.9140625,,0,1223,,,0,,,,,0,2007040,38878234753,24741128822,Verify,,1312,2528,,2420,,0.0,1762751331,0.0
Dilithium3,1,,1.9140625,,0,1235,,,0,,,,0.002,2,2007040,38878234753,24741128822,Keygen,,1952,4000,,3293,,500000.0,1762751331,
Dilithium3,1,,1.9140625,,0,1249,,,0,,,,,5,2007040,38878234753,24741128822,Sign,,1952,4000,0.005,3293,,200000.0,1762751331,
Dilithium3,1,,1.9140625,,0,1258,,,0,,,,,0,2007040,38878234753,24741128822,Verify,,1952,4000,,3293,,0.0,1762751331,0.0
ECDSA-P256,1,,1.9140625,,0,1267,,,0,,,,0.0,0,2007040,38878234753,24741128822,Keygen,,65,32,,72,,0.0,1762751331,
ECDSA-P256,1,,1.9140625,,0,1275,,,0,,,,,0,2007040,38878234753,24741128822,Sign,,65,32,0.0,72,,0.0,1762751331,
ECDSA-P256,1,,1.9140625,,0,1284,,,0,,,,,0,2007040,38878234753,24741128822,Verify,,65,32,,72,,0.0,1762751331,0.0
AES-GCM-256,1,,1.9140625,1040,0,1297,,,0,,0.003627,,,3,2007040,38878234753,24741128822,BulkEncrypt,,,,,,101.5625,333333.3333333333,1762751331,
AES-GCM-256,1,,1.9140625,1040,0,1311,,0.002265,0,,,,,2,2007040,38878234753,24741128822,BulkDecrypt,,,,,,101.5625,500000.0,1762751331,
Kyber512,1,,1.90625,,944,0,,,0,,,,0.005,5,1998848,38878235287,24741128822,Keygen,,800,1632,,0,,200000.0,1762751331,
Kyber512,1,,1.90625,,983,0,,,0,,,,0.001,1,1998848,38878235287,24741128822,Keygen,,800,1632,,0,,1000000.0,1762751331,
Kyber512,1,,1.90625,,1000,0,,,0,0.0,,,,0,1998848,38878235287,24741128822,Encapsulate,,800,1632,,0,,0.0,1762751331,
Kyber512,1,,1.90625,,1014,0,,,0,0.0,,,,0,1998848,38878235287,24741128822,Encapsulate,,800,1632,,0,,0.0,1762751331,
Kyber512,1,,1.90625,,1026,0,0.0,,0,,,,,0,1998848,38878235287,24741128822,Decapsulate,,800,1632,,0,,0.0,1762751331,
Kyber768,1,,1.90625,,1040,0,,,0,,,,0.002,2,1998848,38878235287,24741128822,Keygen,,1184,2400,,0,,500000.0,1762751331,
Kyber768,1,,1.90625,,1055,0,,,0,,,,0.001,1,1998848,38878235287,24741128822,Keygen,,1184,2400,,0,,1000000.0,1762751331,
Kyber768,1,,1.90625,,1068,0,,,0,0.0,,,,0,1998848,38878235287,24741128822,Encapsulate,,1184,2400,,0,,0.0,1762751331,
Kyber768,1,,1.90625,,1081,0,,,0,0.0,,,,0,1998848,38878235287,24741128822,Encapsulate,,1184,2400,,0,,0.0,1762751331,
Kyber768,1,,1.90625,,1092,0,0.0,,0,,,,,0,1998848,38878235287,24741128822,Decapsulate,,1184,2400,,0,,0.0,1762751331,
RSA-2048,1,,1.90625,,1105,0,,,0,,,,0.001,1,1998848,38878235287,24741128822,Keygen,,294,1192,,256,,1000000.0,1762751331,
RSA-2048,1,,1.90625,,1119,0,,,0,,,,0.0,0,1998848,38878235287,24741128822,Keygen,,294,1192,,256,,0.0,1762751331,
RSA-2048,1,,1.90625,,1131,0,,,0,0.0,,,,0,1998848,38878235287,24741128822,Encapsulate,,294,1192,,256,,0.0,1762751331,
ECDHE-P256,1,,1.90625,,1144,0,,,0,,,,0.0,0,1998848,38878235287,24741128822,Keygen,,65,32,,0,,0.0,1762751331,
ECDHE-P256,1,,1.90625,,1157,0,,,0,,,,0.0,0,1998848,38878235287,24741128822,Keygen,,65,32,,0,,0.0,1762751331,
ECDHE-P256,1,,1.90625,,1169,0,,,0,0.0,,,,0,1998848,38878235287,24741128822,Encapsulate,,65,32,,0,,0.0,1762751331,
Dilithium2,1,,1.90625,,1184,0,,,0,,,,0.002,2,1998848,38878235287,24741128822,Keygen,,1312,2528,,2420,,500000.0,1762751331,
Dilithium2,1,,1.90625,,1197,0,,,0,,,,,0,1998848,38878235287,24741128822,Sign,,1312,2528,0.0,2420,,0.0,1762751331,
Dilithium2,1,,1.90625,,1209,0,,,0,,,,,0,1998848,38878235287,24741128822,Verify,,1312,2528,,2420,,0.0,1762751331,0.0
Dilithium3,1,,1.90625,,1224,0,,,0,,,,0.003,3,1998848,38878235287,24741128822,Keygen,,1952,4000,,3293,,333333.3333333333,1762751331,
Dilithium3,1,,1.90625,,1237,0,,,0,,,,,0,1998848,38878235287,24741128822,Sign,,1952,4000,0.0,3293,,0.0,1762751331,
Dilithium3,1,,1.90625,,1249,0,,,0,,,,,0,1998848,38878235287,24741128822,Verify,,1952,4000,,3293,,0.0,1762751331,0.0
ECDSA-P256,1,,1.90625,,1260,0,,,0,,,,0.0,0,1998848,38878235287,24741128822,Keygen,,65,32,,72,,0.0,1762751331,
ECDSA-P256,1,,1.90625,,1272,0,,,0,,,,,0,1998848,38878235287,24741128822,Sign,,65,32,0.0,72,,0.0,1762751331,
ECDSA-P256,1,,1.90625,,1285,0,,,0,,,,,0,1998848,38878235287,24741128822,Verify,,65,32,,72,,0.0,1762751331,0.0
AES-GCM-256,1,,1.90625,1040,1301,0,,,0,,0.003376,,,3,1998848,38878235287,24741128822,BulkEncrypt,,,,,,101.5625,333333.3333333333,1762751331,
AES-GCM-256,1,,1.90625,1040,1317,0,,0.002835,0,,,,,2,1998848,38878235287,24741128822,BulkDecrypt,,,,,,101.5625,500000.0,1762751331,
Kyber512,1,,1.890625,,753,0,,,0,,,,0.005,5,1982464,38878235287,24741128822,Keygen,,800,1632,,0,,200000.0,1762751331,
Kyber512,1,,2.1796875,,789,0,,,0,,,,0.0,0,2285568,38878235287,24741128822,Keygen,,800,1632,,0,,0.0,1762751331,
Kyber512,1,,2.1796875,,801,0,,,0,0.0,,,,0,2285568,38878235287,24741128822,Encapsulate,,800,1632,,0,,0.0,1762751331,
Kyber512,1,,2.1796875,,812,0,,,0,0.0,,,,0,2285568,38878235287,24741128822,Encapsulate,,800,1632,,0,,0.0,1762751331,
Kyber512,1,,2.1796875,,821,0,0.0,,0,,,,,0,2285568,38878235287,24741128822,Decapsulate,,800,1632,,0,,0.0,1762751331,
Kyber768,1,,2.1796875,,832,0,,,0,,,,0.001,1,2285568,38878235287,24741128822,Keygen,,1184,2400,,0,,1000000.0,1762751331,
Kyber768,1,,2.1796875,,843,0,,,0,,,,0.001,1,2285568,38878235287,24741128822,Keygen,,1184,2400,,0,,1000000.0,1762751331,
Kyber768,1,,2.1796875,,853,0,,,0,0.0,,,,0,2285568,38878235287,24741128822,Encapsulate,,1184,2400,,0,,0.0,1762751331,
Kyber768,1,,2.1796875,,862,0,,,0,0.0,,,,0,2285568,38878235287,24741128822,Encapsulate,,1184,2400,,0,,0.0,1762751331,
Kyber768,1,,2.1796875,,870,0,0.0,,0,,,,,0,2285568,38878235287,24741128822,Decapsulate,,1184,2400,,0,,0.0,1762751331,
RSA-2048,1,,2.1796875,,881,0,,,0,,,,0.0,0,2285568,38878235287,24741128822,Keygen,,294,1192,,256,,0.0,1762751331,
RSA-2048,1,,2.1796875,,891,0,,,0,,,,0.0,0,2285568,38878235287,24741128822,Keygen,,294,1192,,256,,0.0,1762751331,
RSA-2048,1,,2.1796875,,900,0,,,0,0.0,,,,0,2285568,38878235287,24741128822,Encapsulate,,294,1192,,256,,0.0,1762751331,
ECDHE-P256,1,,2.1796875,,909,0,,,0,,,,0.0,0,2285568,38878235287,24741128822,Keygen,,65,32,,0,,0.0,1762751331,
ECDHE-P256,1,,2.1796875,,919,0,,,0,,,,0.0,0,2285568,38878235287,24741128822,Keygen,,65,32,,0,,0.0,1762751331,
ECDHE-P256,1,,2.1796875,,929,0,,,0,0.0,,,,0,2285568,38878235287,24741128822,Encapsulate,,65,32,,0,,0.0,1762751331,
Dilithium2,1,,2.1796875,,940,0,,,0,,,,0.002,2,2285568,38878235287,24741128822,Keygen,,1312,2528,,2420,,500000.0,1762751331,
Dilithium2,1,,2.1796875,,950,0,,,0,,,,,0,2285568,38878235287,24741128822,Sign,,1312,2528,0.0,2420,,0.0,1762751331,
Dilithium2,1,,2.1796875,,959,0,,,0,,,,,0,2285568,38878235287,24741128822,Verify,,1312,2528,,2420,,0.0,1762751331,0.0
Dilithium3,1,,2.1796875,,971,0,,,0,,,,0.002,2,2285568,38878235287,24741128822,Keygen,,1952,4000,,3293,,500000.0,1762751331,
Dilithium3,1,,2.1796875,,980,0,,,0,,,,,0,2285568,38878235287,24741128822,Sign,,1952,4000,0.0,3293,,0.0,1762751331,
Dilithium3,1,,2.1796875,,989,0,,,0,,,,,0,2285568,38878235287,24741128822,Verify,,1952,4000,,3293,,0.0,1762751331,0.0
ECDSA-P256,1,,2.1796875,,989,12,,,0,,,,0.0,0,2285568,38878235287,24741128822,Keygen,,65,32,,72,,0.0,1762751331,
ECDSA-P256,1,,2.1796875,,989,23,,,0,,,,,0,2285568,38878235287,24741128822,Sign,,65,32,0.0,72,,0.0,1762751331,
ECDSA-P256,1,,2.1796875,,989,32,,,0,,,,,0,2285568,38878235287,24741128822,Verify,,65,32,,72,,0.0,1762751331,0.0
AES-GCM-256,1,,2.1796875,1040,989,44,,,0,,0.003056,,,3,2285568,38878235287,24741128822,BulkEncrypt,,,,,,101.5625,333333.3333333333,1762751331,
AES-GCM-256,1,,2.1796875,1040,989,56,,0.002124,0,,,,,2,2285568,38878235287,24741128822,BulkDecrypt,,,,,,101.5625,500000.0,1762751331,
Kyber512,1,,1.921875,,0,903,,,0,,,,0.004,4,2015232,38878235287,24741128822,Keygen,,800,1632,,0,,250000.0,1762751331,
Kyber512,1,,1.921875,,0,939,,,0,,,,0.001,1,2015232,38878235287,24741128822,Keygen,,800,1632,,0,,1000000.0,1762751331,
Kyber512,1,,1.921875,,0,954,,,0,0.0,,,,0,2015232,38878235287,24741128822,Encapsulate,,800,1632,,0,,0.0,1762751331,
Kyber512,1,,1.921875,,0,968,,,0,0.0,,,,0,2015232,38878235287,24741128822,Encapsulate,,800,1632,,0,,0.0,1762751331,
Kyber512,1,,1.921875,,0,980,0.0,,0,,,,,0,2015232,38878235287,24741128822,Decapsulate,,800,1632,,0,,0.0,1762751331,
Kyber768,1,,1.921875,,0,994,,,0,,,,0.002,2,2015232,38878235287,24741128822,Keygen,,1184,2400,,0,,500000.0,1762751331,
Kyber768,1,,1.921875,,0,1009,,,0,,,,0.001,1,2015232,38878235287,24741128822,Keygen,,1184,2400,,0,,1000000.0,1762751331,
Kyber768,1,,1.921875,,14,1009,,,0,0.0,,,,0,2015232,38878235287,24741128822,Encapsulate,,1184,2400,,0,,0.0,1762751331,
Kyber768,1,,1.921875,,26,1009,,,0,0.0,,,,0,2015232,38878235287,24741128822,Encapsulate,,1184,2400,,0,,0.0,1762751331,
Kyber768,1,,1.921875,,38,1009,0.0,,0,,,,,0,2015232,38878235287,24741128822,Decapsulate,,1184,2400,,0,,0.0,1762751331,
RSA-2048,1,,1.921875,,51,1009,,,0,,,,0.001,1,2015232,38878235287,24741128822,Keygen,,294,1192,,256,,1000000.0,1762751331,
RSA-2048,1,,1.921875,,64,1009,,,0,,,,0.0,0,2015232,38878235287,24741128822,Keygen,,294,1192,,256,,0.0,1762751331,
RSA-2048,1,,1.921875,,77,1009,,,0,0.0,,,,0,2015232,38878235287,24741128822,Encapsulate,,294,1192,,256,,0.0,1762751331,
ECDHE-P256,1,,1.921875,,90,1009,,,0,,,,0.0,0,2015232,38878235287,24741128822,Keygen,,65,32,,0,,0.0,1762751331,
ECDHE-P256,1,,1.921875,,103,1009,,,0,,,,0.0,0,2015232,38878235287,24741128822,Keygen,,65,32,,0,,0.0,1762751331,
ECDHE-P256,1,,1.921875,,115,1009,,,0,0.0,,,,0,2015232,38878235287,24741128822,Encapsulate,,65,32,,0,,0.0,1762751331,
Dilithium2,1,,1.921875,,130,1009,,,0,,,,0.002,2,2015232,38878235287,24741128822,Keygen,,1312,2528,,2420,,500000.0,1762751331,
Dilithium2,1,,1.921875,,143,1009,,,0,,,,,0,2015232,38878235287,24741128822,Sign,,1312,2528,0.0,2420,,0.0,1762751331,
Dilithium2,1,,1.921875,,156,1009,,,0,,,,,0,2015232,38878235287,24741128822,Verify,,1312,2528,,2420,,0.0,1762751331,0.0
Dilithium3,1,,1.921875,,173,1009,,,0,,,,0.003,3,2015232,38878235287,24741128822,Keygen,,1952,4000,,3293,,333333.3333333333,1762751331,
Dilithium3,1,,1.921875,,186,1009,,,0,,,,,0,2015232,38878235287,24741128822,Sign,,1952,4000,0.0,3293,,0.0,1762751331,
Dilithium3,1,,1.921875,,198,1009,,,0,,,,,0,2015232,38878235287,24741128822,Verify,,1952,4000,,3293,,0.0,1762751331,0.0
ECDSA-P256,1,,1.921875,,212,1009,,,0,,,,0.0,0,2015232,38878235287,24741128822,Keygen,,65,32,,72,,0.0,1762751331,
ECDSA-P256,1,,1.921875,,224,1009,,,0,,,,,0,2015232,38878235287,24741128822,Sign,,65,32,0.0,72,,0.0,1762751331,
ECDSA-P256,1,,1.921875,,236,1009,,,0,,,,,0,2015232,38878235287,24741128822,Verify,,65,32,,72,,0.0,1762751331,0.0
AES-GCM-256,1,,1.921875,1040,253,1009,,,0,,0.0033770000000000002,,,3,2015232,38878235287,24741128822,BulkEncrypt,,,,,,101.5625,333333.3333333333,1762751331,
AES-GCM-256,1,,1.921875,1040,269,1009,,0.0028150000000000002,0,,,,,2,2015232,38878235287,24741128822,BulkDecrypt,,,,,,101.5625,500000.0,1762751331,
Kyber512,1,,2.1875,,654,0,,,0,,,,0.004,4,2293760,38878235287,24741128822,Keygen,,800,1632,,0,,250000.0,1762751331,
Kyber512,1,,2.1875,,684,0,,,0,,,,0.0,0,2293760,38878235287,24741128822,Keygen,,800,1632,,0,,0.0,1762751331,
Kyber512,1,,2.1875,,695,0,,,0,0.0,,,,0,2293760,38878235287,24741128822,Encapsulate,,800,1632,,0,,0.0,1762751331,
Kyber512,1,,2.1875,,705,0,,,0,0.0,,,,0,2293760,38878235287,24741128822,Encapsulate,,800,1632,,0,,0.0,1762751331,
Kyber512,1,,2.1875,,714,0,0.0,,0,,,,,0,2293760,38878235287,24741128822,Decapsulate,,800,1632,,0,,0.0,1762751331,
Kyber768,1,,2.1875,,725,0,,,0,,,,0.001,1,2293760,38878235287,24741128822,Keygen,,1184,2400,,0,,1000000.0,1762751331,
Kyber768,1,,2.1875,,736,0,,,0,,,,0.001,1,2293760,38878235287,24741128822,Keygen,,1184,2400,,0,,1000000.0,1762751331,
Kyber768,1,,2.1875,,748,0,,,0,0.0,,,,0,2293760,38878235287,24741128822,Encapsulate,,1184,2400,,0,,0.0,1762751331,
Kyber768,1,,2.1875,,756,0,,,0,0.0,,,,0,2293760,38878235287,24741128822,Encapsulate,,1184,2400,,0,,0.0,1762751331,
Kyber768,1,,2.1875,,764,0,0.0,,0,,,,,0,2293760,38878235287,24741128822,Decapsulate,,1184,2400,,0,,0.0,1762751331,
RSA-2048,1,,2.1875,,774,0,,,0,,,,0.0,0,2293760,38878235287,24741128822,Keygen,,294,1192,,256,,0.0,1762751331,
RSA-2048,1,,2.1875,,784,0,,,0,,,,0.0,0,2293760,38878235287,24741128822,Keygen,,294,1192,,256,,0.0,1762751331,
RSA-2048,1,,2.1875,,792,0,,,0,0.0,,,,0,2293760,38878235287,24741128822,Encapsulate,,294,1192,,256,,0.0,1762751331,
ECDHE-P256,1,,2.1875,,802,0,,,0,,,,0.0,0,2293760,38878235287,24741128822,Keygen,,65,32,,0,,0.0,1762751331,
ECDHE-P256,1,,2.1875,,811,0,,,0,,,,0.0,0,2293760,38878235287,24741128822,Keygen,,65,32,,0,,0.0,1762751331,
ECDHE-P256,1,,2.1875,,820,0,,,0,0.0,,,,0,2293760,38878235287,24741128822,Encapsulate,,65,32,,0,,0.0,1762751331,
Dilithium2,1,,2.1875,,832,0,,,0,,,,0.002,2,2293760,38878235287,24741128822,Keygen,,1312,2528,,2420,,500000.0,1762751331,
Dilithium2,1,,2.1875,,841,0,,,0,,,,,0,2293760,38878235287,24741128822,Sign,,1312,2528,0.0,2420,,0.0,1762751331,
Dilithium2,1,,2.1875,,850,0,,,0,,,,,0,2293760,38878235287,24741128822,Verify,,1312,2528,,2420,,0.0,1762751331,0.0
Dilithium3,1,,2.1875,,861,0,,,0,,,,0.002,2,2293760,38878235287,24741128822,Keygen,,1952,4000,,3293,,500000.0,1762751331,
Dilithium3,1,,2.1875,,873,0,,,0,,,,,2,2293760,38878235287,24741128822,Sign,,1952,4000,0.002,3293,,500000.0,1762751331,
Dilithium3,1,,2.1875,,883,0,,,0,,,,,0,2293760,38878235287,24741128822,Verify,,1952,4000,,3293,,0.0,1762751331,0.0
ECDSA-P256,1,,2.1875,,892,0,,,0,,,,0.0,0,2293760,38878235287,24741128822,Keygen,,65,32,,72,,0.0,1762751331,
ECDSA-P256,1,,2.1875,,900,0,,,0,,,,,0,2293760,38878235287,24741128822,Sign,,65,32,0.0,72,,0.0,1762751331,
ECDSA-P256,1,,2.1875,,909,0,,,0,,,,,0,2293760,38878235287,24741128822,Verify,,65,32,,72,,0.0,1762751331,0.0
AES-GCM-256,1,,2.1875,1040,921,0,,,0,,0.002735,,,2,2293760,38878235287,24741128822,BulkEncrypt,,,,,,101.5625,500000.0,1762751331,
AES-GCM-256,1,,2.1875,1040,932,0,,0.002084,0,,,,,2,2293760,38878235287,24741128822,BulkDecrypt,,,,,,101.5625,500000.0,1762751331,
Kyber512,1,,2.16015625,,690,0,,,0,,,,0.004,4,2265088,38878235287,24741128822,Keygen,,800,1632,,0,,250000.0,1762751331,
Kyber512,1,,2.16015625,,719,0,,,0,,,,0.0,0,2265088,38878235287,24741128822,Keygen,,800,1632,,0,,0.0,1762751331,
Kyber512,1,,2.16015625,,731,0,,,0,0.0,,,,0,2265088,38878235287,24741128822,Encapsulate,,800,1632,,0,,0.0,1762751331,
Kyber512,1,,2.16015625,,742,0,,,0,0.0,,,,0,2265088,38878235287,24741128822,Encapsulate,,800,1632,,0,,0.0,1762751331,
Kyber512,1,,2.16015625,,751,0,0.0,,0,,,,,0,2265088,38878235287,24741128822,Decapsulate,,800,1632,,0,,0.0,1762751331,
Kyber768,1,,2.16015625,,762,0,,,0,,,,0.001,1,2265088,38878235287,24741128822,Keygen,,1184,2400,,0,,1000000.0,1762751331,
Kyber768,1,,2.16015625,,773,0,,,0,,,,0.001,1,2265088,38878235287,24741128822,Keygen,,1184,2400,,0,,1000000.0,1762751331,
Kyber768,1,,2.16015625,,784,0,,,0,0.0,,,,0,2265088,38878235287,24741128822,Encapsulate,,1184,2400,,0,,0.0,1762751331,
Kyber768,1,,2.16015625,,793,0,,,0,0.0,,,,0,2265088,38878235287,24741128822,Encapsulate,,1184,2400,,0,,0.0,1762751331,
Kyber768,1,,2.16015625,,802,0,0.0,,0,,,,,0,2265088,38878235287,24741128822,Decapsulate,,1184,2400,,0,,0.0,1762751331,
RSA-2048,1,,2.16015625,,812,0,,,0,,,,0.0,0,2265088,38878235287,24741128822,Keygen,,294,1192,,256,,0.0,1762751331,
RSA-2048,1,,2.16015625,,822,0,,,0,,,,0.0,0,2265088,38878235287,24741128822,Keygen,,294,1192,,256,,0.0,1762751331,
RSA-2048,1,,2.16015625,,831,0,,,0,0.0,,,,0,2265088,38878235287,24741128822,Encapsulate,,294,1192,,256,,0.0,1762751331,
ECDHE-P256,1,,2.16015625,,842,0,,,0,,,,0.0,0,2265088,38878235287,24741128822,Keygen,,65,32,,0,,0.0,1762751331,
ECDHE-P256,1,,2.16015625,,851,0,,,0,,,,0.0,0,2265088,38878235287,24741128822,Keygen,,65,32,,0,,0.0,1762751331,
ECDHE-P256,1,,2.16015625,,860,0,,,0,0.0,,,,0,2265088,38878235287,24741128822,Encapsulate,,65,32,,0,,0.0,1762751331,
Dilithium2,1,,2.16015625,,871,0,,,0,,,,0.001,1,2265088,38878235287,24741128822,Keygen,,1312,2528,,2420,,1000000.0,1762751331,
Dilithium2,1,,2.16015625,,881,0,,,0,,,,,0,2265088,38878235287,24741128822,Sign,,1312,2528,0.0,2420,,0.0,1762751331,
Dilithium2,1,,2.16015625,,890,0,,,0,,,,,0,2265088,38878235287,24741128822,Verify,,1312,2528,,2420,,0.0,1762751331,0.0
Dilithium3,1,,2.16015625,,901,0,,,0,,,,0.002,2,2265088,38878235287,24741128822,Keygen,,1952,4000,,3293,,500000.0,1762751331,
Dilithium3,1,,2.16015625,,911,0,,,0,,,,,0,2265088,38878235287,24741128822,Sign,,1952,4000,0.0,3293,,0.0,1762751331,
Dilithium3,1,,2.16015625,,920,0,,,0,,,,,0,2265088,38878235287,24741128822,Verify,,1952,4000,,3293,,0.0,1762751331,0.0
ECDSA-P256,1,,2.16015625,,928,0,,,0,,,,0.0,0,2265088,38878235287,24741128822,Keygen,,65,32,,72,,0.0,1762751331,
ECDSA-P256,1,,2.16015625,,939,0,,,0,,,,,0,2265088,38878235287,24741128822,Sign,,65,32,0.0,72,,0.0,1762751331,
ECDSA-P256,1,,2.16015625,,948,0,,,0,,,,,0,2265088,38878235287,24741128822,Verify,,65,32,,72,,0.0,1762751331,0.0
AES-GCM-256,1,,2.16015625,1040,959,0,,,0,,0.0025849999999999996,,,2,2265088,38878235287,24741128822,BulkEncrypt,,,,,,101.5625,500000.0,1762751331,
AES-GCM-256,1,,2.16015625,1040,971,0,,0.002084,0,,,,,2,2265088,38878235287,24741128822,BulkDecrypt,,,,,,101.5625,500000.0,1762751331,
Kyber512,1,,2.13671875,,662,0,,,0,,,,0.004,4,2240512,38878235287,24741128822,Keygen,,800,1632,,0,,250000.0,1762751331,
Kyber512,1,,2.13671875,,689,0,,,0,,,,0.0,0,2240512,38878235287,24741128822,Keygen,,800,1632,,0,,0.0,1762751331,
Kyber512,1,,2.13671875,,701,0,,,0,0.0,,,,0,2240512,38878235287,24741128822,Encapsulate,,800,1632,,0,,0.0,1762751331,
Kyber512,1,,2.13671875,,711,0,,,0,0.0,,,,0,2240512,38878235287,24741128822,Encapsulate,,800,1632,,0,,0.0,1762751331,
Kyber512,1,,2.13671875,,719,0,0.0,,0,,,,,0,2240512,38878235287,24741128822,Decapsulate,,800,1632,,0,,0.0,1762751331,
Kyber768,1,,2.13671875,,730,0,,,0,,,,0.001,1,2240512,38878235287,24741128822,Keygen,,1184,2400,,0,,1000000.0,1762751331,
Kyber768,1,,2.13671875,,741,0,,,0,,,,0.001,1,2240512,38878235287,24741128822,Keygen,,1184,2400,,0,,1000000.0,1762751331,
Kyber768,1,,2.13671875,,750,0,,,0,0.0,,,,0,2240512,38878235287,24741128822,Encapsulate,,1184,2400,,0,,0.0,1762751331,
Kyber768,1,,2.13671875,,759,0,,,0,0.0,,,,0,2240512,38878235287,24741128822,Encapsulate,,1184,2400,,0,,0.0,1762751331,
Kyber768,1,,2.13671875,,767,0,0.0,,0,,,,,0,2240512,38878235287,24741128822,Decapsulate,,1184,2400,,0,,0.0,1762751331,
RSA-2048,1,,2.13671875,,777,0,,,0,,,,0.0,0,2240512,38878235287,24741128822,Keygen,,294,1192,,256,,0.0,1762751331,
RSA-2048,1,,2.13671875,,787,0,,,0,,,,0.0,0,2240512,38878235287,24741128822,Keygen,,294,1192,,256,,0.0,1762751331,
RSA-2048,1,,2.13671875,,795,0,,,0,0.0,,,,0,2240512,38878235287,24741128822,Encapsulate,,294,1192,,256,,0.0,1762751331,
ECDHE-P256,1,,2.13671875,,805,0,,,0,,,,0.0,0,2240512,38878235287,24741128822,Keygen,,65,32,,0,,0.0,1762751331,
ECDHE-P256,1,,2.13671875,,816,0,,,0,,,,0.0,0,2240512,38878235287,24741128822,Keygen,,65,32,,0,,0.0,1762751331,
ECDHE-P256,1,,2.13671875,,825,0,,,0,0.0,,,,0,2240512,38878235287,24741128822,Encapsulate,,65,32,,0,,0.0,1762751331,
Dilithium2,1,,2.13671875,,836,0,,,0,,,,0.001,1,2240512,38878235287,24741128822,Keygen,,1312,2528,,2420,,1000000.0,1762751331,
Dilithium2,1,,2.13671875,,846,0,,,0,,,,,0,2240512,38878235287,24741128822,Sign,,1312,2528,0.0,2420,,0.0,1762751331,
Dilithium2,1,,2.13671875,,855,0,,,0,,,,,0,2240512,38878235287,24741128822,Verify,,1312,2528,,2420,,0.0,1762751331,0.0
Dilithium3,1,,2.13671875,,866,0,,,0,,,,0.002,2,2240512,38878235287,24741128822,Keygen,,1952,4000,,3293,,500000.0,1762751331,
Dilithium3,1,,2.13671875,,876,0,,,0,,,,,0,2240512,38878235287,24741128822,Sign,,1952,4000,0.0,3293,,0.0,1762751331,
Dilithium3,1,,2.13671875,,884,0,,,0,,,,,0,2240512,38878235287,24741128822,Verify,,1952,4000,,3293,,0.0,1762751331,0.0
ECDSA-P256,1,,2.13671875,,893,0,,,0,,,,0.0,0,2240512,38878235287,24741128822,Keygen,,65,32,,72,,0.0,1762751331,
ECDSA-P256,1,,2.13671875,,902,0,,,0,,,,,0,2240512,38878235287,24741128822,Sign,,65,32,0.0,72,,0.0,1762751331,
ECDSA-P256,1,,2.13671875,,911,0,,,0,,,,,0,2240512,38878235287,24741128822,Verify,,65,32,,72,,0.0,1762751331,0.0
AES-GCM-256,1,,2.13671875,1040,923,0,,,0,,0.002525,,,2,2240512,38878235287,24741128822,BulkEncrypt,,,,,,101.5625,500000.0,1762751331,
AES-GCM-256,1,,2.13671875,1040,934,0,,0.002034,0,,,,,2,2240512,38878235287,24741128822,BulkDecrypt,,,,,,101.5625,500000.0,1762751331,
